image,row,field,gt,pred,gt_norm,pred_norm,edit_distance,cer,wer,exact,error
passport_0001_seedream.png,1,lastname,СОКОЛОВА,СОКОЛОВА,СОКОЛОВА,СОКОЛОВА,0,0.000000,0.000000,1,
passport_0001_seedream.png,1,firstname,ВАРЯ,ВАРЯ,ВАРЯ,ВАРЯ,0,0.000000,0.000000,1,
passport_0001_seedream.png,1,middlename,ЕВГЕНЬЕВНА,ЕВГЕНЬЕВНА,ЕВГЕНЬЕВНА,ЕВГЕНЬЕВНА,0,0.000000,0.000000,1,
passport_0001_seedream.png,1,sex,ЖЕН.,Ж,F,F,0,0.000000,0.000000,1,
passport_0001_seedream.png,1,birth_date,05.04.1970,05.04.1970,05041970,05041970,0,0.000000,0.000000,1,
passport_0001_seedream.png,1,birth_place,Г. ЕКАТЕРИНБУРГ,Г ЕКАТЕРИНБУРГ,Г. ЕКАТЕРИНБУРГ,Г ЕКАТЕРИНБУРГ,1,0.066667,0.066667,0,
passport_0001_seedream.png,1,date_of_issue,14.04.2017,14.04.2017,14042017,14042017,0,0.000000,0.000000,1,
passport_0001_seedream.png,1,department_code,784-433,784-433,784433,784433,0,0.000000,0.000000,1,
passport_0001_seedream.png,1,passport_issued_full,ПВС МВД РОССИИ ПО Г. САНКТ-ПЕТЕРБУРГУ И ЛЕН. ОБЛ. ПО РАЙОНУ КРАСНОГВАРДЕЙСКИЙ,ПВС МВД РОССИИ ЛО Г. САНКТ-ЛЕТЕРБУРГУ ЯИ ЛЕН ОБЛ. ПО РАЙОНУ КРАСНОГВАРДЕЙСКИЙ,ПВС МВД РОССИИ ПО Г. САНКТ-ПЕТЕРБУРГУ И ЛЕН. ОБЛ. ПО РАЙОНУ КРАСНОГВАРДЕЙСКИЙ,ПВС МВД РОССИИ ЛО Г. САНКТ-ЛЕТЕРБУРГУ ЯИ ЛЕН ОБЛ. ПО РАЙОНУ КРАСНОГВАРДЕЙСКИЙ,4,0.051948,0.051948,0,
passport_0001_seedream.png,1,series_and_number,14 13 198246,14 13 198246,1413198246,1413198246,0,0.000000,0.000000,1,
passport_0002_seedream.png,2,lastname,ЗАГОРОДНИЙ,ЗАГОРОДНИЙ,ЗАГОРОДНИЙ,ЗАГОРОДНИЙ,0,0.000000,0.000000,1,
passport_0002_seedream.png,2,firstname,ГАВРИИЛ,ГАВРИИЛ,ГАВРИИЛ,ГАВРИИЛ,0,0.000000,0.000000,1,
passport_0002_seedream.png,2,middlename,АНДРЕЕВИЧ,АНДРЕЕВИЧ,АНДРЕЕВИЧ,АНДРЕЕВИЧ,0,0.000000,0.000000,1,
passport_0002_seedream.png,2,sex,МУЖ.,М,M,M,0,0.000000,0.000000,1,
passport_0002_seedream.png,2,birth_date,23.04.1990,23.04.1990,23041990,23041990,0,0.000000,0.000000,1,
passport_0002_seedream.png,2,birth_place,Г. СОЧИ,Г СОЧИ,Г. СОЧИ,Г СОЧИ,1,0.142857,0.142857,0,
passport_0002_seedream.png,2,date_of_issue,15.11.2018,15.11.2018,15112018,15112018,0,0.000000,0.000000,1,
passport_0002_seedream.png,2,department_code,050-460,050-460,050460,050460,0,0.000000,0.000000,1,
passport_0002_seedream.png,2,passport_issued_full,ОТДЕЛ УФМС РОССИИ ПО РЕСП. ДАГЕСТАН В Г. БУЙНАКСК,ОТДЕЛ УФМС РОССИИ ТПО РЕСП ДАГЕСТАН В Г БУЙНАКСК,ОТДЕЛ УФМС РОССИИ ПО РЕСП. ДАГЕСТАН В Г. БУЙНАКСК,ОТДЕЛ УФМС РОССИИ ТПО РЕСП ДАГЕСТАН В Г БУЙНАКСК,3,0.061224,0.061224,0,
passport_0002_seedream.png,2,series_and_number,85 45 948749,18 54 519487,8545948749,1854519487,4,0.400000,0.400000,0,
passport_0004_seedream.png,4,lastname,БАРСУКОВ,БАРСУКОВ,БАРСУКОВ,БАРСУКОВ,0,0.000000,0.000000,1,
passport_0004_seedream.png,4,firstname,ГАВРИИЛ,ГАВРИИЛ,ГАВРИИЛ,ГАВРИИЛ,0,0.000000,0.000000,1,
passport_0004_seedream.png,4,middlename,ВАЛЕРЬЕВИЧ,ВАЛЕРЬЕВИЧ,ВАЛЕРЬЕВИЧ,ВАЛЕРЬЕВИЧ,0,0.000000,0.000000,1,
passport_0004_seedream.png,4,sex,МУЖ.,М,M,M,0,0.000000,0.000000,1,
passport_0004_seedream.png,4,birth_date,15.12.1957,15.12.1957,15121957,15121957,0,0.000000,0.000000,1,
passport_0004_seedream.png,4,birth_place,Г. ЕКАТЕРИНБУРГ,И ЕКАТЕРИНБУРГ,Г. ЕКАТЕРИНБУРГ,И ЕКАТЕРИНБУРГ,2,0.133333,0.133333,0,
passport_0004_seedream.png,4,date_of_issue,20.01.2020,20.01.2020,20012020,20012020,0,0.000000,0.000000,1,
passport_0004_seedream.png,4,department_code,380-566,380-566,380566,380566,0,0.000000,0.000000,1,
passport_0004_seedream.png,4,passport_issued_full,ОВМ МВД РОССИИ ПО ИРКУТСКОЙ ОБЛ. В Г. БРАТСК,ПО ОВТ УПТСН ОБЛ БРАЕСК,ОВМ МВД РОССИИ ПО ИРКУТСКОЙ ОБЛ. В Г. БРАТСК,ПО ОВТ УПТСН ОБЛ БРАЕСК,28,0.636364,0.636364,0,
passport_0004_seedream.png,4,series_and_number,47 90 748564,47 90 748564,4790748564,4790748564,0,0.000000,0.000000,1,
passport_0005_seedream.png,5,lastname,ЕЛИСЕЕВА,ЕЛИСЕЕВА,ЕЛИСЕЕВА,ЕЛИСЕЕВА,0,0.000000,0.000000,1,
passport_0005_seedream.png,5,firstname,ИЗОЛЬДА,ИЗОЛЬДА,ИЗОЛЬДА,ИЗОЛЬДА,0,0.000000,0.000000,1,
passport_0005_seedream.png,5,middlename,АРТЁМОВНА,АРТЕМОВНА,АРТЕМОВНА,АРТЕМОВНА,0,0.000000,0.000000,1,
passport_0005_seedream.png,5,sex,ЖЕН.,Ж,F,F,0,0.000000,0.000000,1,
passport_0005_seedream.png,5,birth_date,02.02.2000,02.02.2000,02022000,02022000,0,0.000000,0.000000,1,
passport_0005_seedream.png,5,birth_place,Г. КАЛУГА,Г КАЛУГА,Г. КАЛУГА,Г КАЛУГА,1,0.111111,0.111111,0,
passport_0005_seedream.png,5,date_of_issue,10.03.2019,10.03.2019,10032019,10032019,0,0.000000,0.000000,1,
passport_0005_seedream.png,5,department_code,240-876,240-876,240876,240876,0,0.000000,0.000000,1,
passport_0005_seedream.png,5,passport_issued_full,ТП УФМС РОССИИ ПО КРАСНОЯРСКОМУ КРАЮ И ТАЙМЫРУ В ОКТЯБРЬСКОМ Р-НЕ,ТП УФМС РОССИИ ПО КРАСНОЯРСКОМУ КРАО И ТАЙМЫРУ В ОКТЯБРЬЫСКОМ Р-НЕ,ТП УФМС РОССИИ ПО КРАСНОЯРСКОМУ КРАЮ И ТАЙМЫРУ В ОКТЯБРЬСКОМ Р-НЕ,ТП УФМС РОССИИ ПО КРАСНОЯРСКОМУ КРАО И ТАЙМЫРУ В ОКТЯБРЬЫСКОМ Р-НЕ,2,0.030769,0.030769,0,
passport_0005_seedream.png,5,series_and_number,39 22 498591,39 22 498591,3922498591,3922498591,0,0.000000,0.000000,1,
passport_0006_seedream.png,6,lastname,ОКРОПИРИДЗЕ,ОКРОЛИРИДЗЕ,ОКРОПИРИДЗЕ,ОКРОЛИРИДЗЕ,1,0.090909,0.090909,0,
passport_0006_seedream.png,6,firstname,АСЛАН,АСЛАН,АСЛАН,АСЛАН,0,0.000000,0.000000,1,
passport_0006_seedream.png,6,middlename,РУСТАМОВИЧ,РУСТАМОВИЧ,РУСТАМОВИЧ,РУСТАМОВИЧ,0,0.000000,0.000000,1,
passport_0006_seedream.png,6,sex,МУЖ.,М,M,M,0,0.000000,0.000000,1,
passport_0006_seedream.png,6,birth_date,12.06.1965,12.06.1965,12061965,12061965,0,0.000000,0.000000,1,
passport_0006_seedream.png,6,birth_place,Г. ВЛАДИВОСТОК,Г ВЛАДИВОСТОК,Г. ВЛАДИВОСТОК,Г ВЛАДИВОСТОК,1,0.071429,0.071429,0,
passport_0006_seedream.png,6,date_of_issue,26.03.1998,26.03.1998,26031998,26031998,0,0.000000,0.000000,1,
passport_0006_seedream.png,6,department_code,520-624,520-624,520624,520624,0,0.000000,0.000000,1,
passport_0006_seedream.png,6,passport_issued_full,МЕЖРАЙОННЫЙ ОТДЕЛ УФМС ПО НИЖЕГОРОДСКОЙ ОБЛАСТИ В Г. САРОВ,МЕКРАЙОННЫЙ ОТДЕЛ УФМС ПО НИХЕГОРОДСКОЙ ОБЛАСТИ В Г САРОВ,МЕЖРАЙОННЫЙ ОТДЕЛ УФМС ПО НИЖЕГОРОДСКОЙ ОБЛАСТИ В Г. САРОВ,МЕКРАЙОННЫЙ ОТДЕЛ УФМС ПО НИХЕГОРОДСКОЙ ОБЛАСТИ В Г САРОВ,3,0.051724,0.051724,0,
passport_0006_seedream.png,6,series_and_number,91 31 660086,91 31 660086,9131660086,9131660086,0,0.000000,0.000000,1,
passport_0007_seedream.png,7,lastname,КОМАРОВА,КОМАРОВА,КОМАРОВА,КОМАРОВА,0,0.000000,0.000000,1,
passport_0007_seedream.png,7,firstname,РАИСА,РАИСА,РАИСА,РАИСА,0,0.000000,0.000000,1,
passport_0007_seedream.png,7,middlename,РОМАНОВНА,РОМАНОВНА,РОМАНОВНА,РОМАНОВНА,0,0.000000,0.000000,1,
passport_0007_seedream.png,7,sex,ЖЕН.,Ж,F,F,0,0.000000,0.000000,1,
passport_0007_seedream.png,7,birth_date,23.11.1972,23.11.1972,23111972,23111972,0,0.000000,0.000000,1,
passport_0007_seedream.png,7,birth_place,Г. ОМСК,Г ОМСК,Г. ОМСК,Г ОМСК,1,0.142857,0.142857,0,
passport_0007_seedream.png,7,date_of_issue,14.11.2011,14.11.2011,14112011,14112011,0,0.000000,0.000000,1,
passport_0007_seedream.png,7,department_code,640-235,640-235,640235,640235,0,0.000000,0.000000,1,
passport_0007_seedream.png,7,passport_issued_full,ОТДЕЛ ПО ВОПРОСАМ МИГРАЦИИ ПО САРАТОВСКОЙ ОБЛАСТИ В Г. БАЛАКОВО,ОТДЕЛ ПО ВОЛРОСАМ МИГРАШИЙ ПО САРАТОВСКОЙ ОБЛАСТИ В Г БАЛАКОВО,ОТДЕЛ ПО ВОПРОСАМ МИГРАЦИИ ПО САРАТОВСКОЙ ОБЛАСТИ В Г. БАЛАКОВО,ОТДЕЛ ПО ВОЛРОСАМ МИГРАШИЙ ПО САРАТОВСКОЙ ОБЛАСТИ В Г БАЛАКОВО,4,0.063492,0.063492,0,
passport_0007_seedream.png,7,series_and_number,14 50 520651,14 50 520651,1450520651,1450520651,0,0.000000,0.000000,1,
passport_0008_seedream.png,8,lastname,БУЛГАКОВ,БУЛГАКОВ,БУЛГАКОВ,БУЛГАКОВ,0,0.000000,0.000000,1,
passport_0008_seedream.png,8,firstname,РУСТАМ,РУСТАМ,РУСТАМ,РУСТАМ,0,0.000000,0.000000,1,
passport_0008_seedream.png,8,middlename,ТИМУРОВИЧ,ТИМУРОВИЧ,ТИМУРОВИЧ,ТИМУРОВИЧ,0,0.000000,0.000000,1,
passport_0008_seedream.png,8,sex,МУЖ.,М,M,M,0,0.000000,0.000000,1,
passport_0008_seedream.png,8,birth_date,16.11.1968,16.11.1968,16111968,16111968,0,0.000000,0.000000,1,
passport_0008_seedream.png,8,birth_place,Г. ХАБАРОВСК,Г ХАБАРОВСК,Г. ХАБАРОВСК,Г ХАБАРОВСК,1,0.083333,0.083333,0,
passport_0008_seedream.png,8,date_of_issue,12.08.2000,12.08.2000,12082000,12082000,0,0.000000,0.000000,1,
passport_0008_seedream.png,8,department_code,390-272,390-272,390272,390272,0,0.000000,0.000000,1,
passport_0008_seedream.png,8,passport_issued_full,ОВМ МВД РОССИИ ПО КАЛИНИНГРАДСКОЙ ОБЛ. В ЛЕНИНГРАДСКОМ Р-НЕ Г. КАЛИНИНГРАДА,ОВМ МВД РОССИ ПО КАЛИНИНГРАДСКОЙ ОБЛ В ЛЕНИНТРАДСКОМ Р-НЕ Г КАЛИНИНГРАДА АА,ОВМ МВД РОССИИ ПО КАЛИНИНГРАДСКОЙ ОБЛ. В ЛЕНИНГРАДСКОМ Р-НЕ Г. КАЛИНИНГРАДА,ОВМ МВД РОССИ ПО КАЛИНИНГРАДСКОЙ ОБЛ В ЛЕНИНТРАДСКОМ Р-НЕ Г КАЛИНИНГРАДА АА,7,0.093333,0.093333,0,
passport_0008_seedream.png,8,series_and_number,27 41 881177,27 41 881177,2741881177,2741881177,0,0.000000,0.000000,1,
passport_0009_seedream.png,9,lastname,КОРНИЛОВ,КОРНИЛОВ,КОРНИЛОВ,КОРНИЛОВ,0,0.000000,0.000000,1,
passport_0009_seedream.png,9,firstname,САША,САША,САША,САША,0,0.000000,0.000000,1,
passport_0009_seedream.png,9,middlename,ШАМИЛЕВИЧ,ШАМИЛЕВИЧ,ШАМИЛЕВИЧ,ШАМИЛЕВИЧ,0,0.000000,0.000000,1,
passport_0009_seedream.png,9,sex,МУЖ.,М,M,M,0,0.000000,0.000000,1,
passport_0009_seedream.png,9,birth_date,12.07.1992,12.07.1992,12071992,12071992,0,0.000000,0.000000,1,
passport_0009_seedream.png,9,birth_place,Г. КАЗАНЬ,Г КАЗАНЬ,Г. КАЗАНЬ,Г КАЗАНЬ,1,0.111111,0.111111,0,
passport_0009_seedream.png,9,date_of_issue,09.06.2011,09.06.2011,09062011,09062011,0,0.000000,0.000000,1,
passport_0009_seedream.png,9,department_code,221-094,221-094,221094,221094,0,0.000000,0.000000,1,
passport_0009_seedream.png,9,passport_issued_full,МИГРАЦИОННЫЙ ПУНКТ ПО АЛТАЙСКОМУ КРАЮ И АЛТАЮ В Г. БИЙСК,МИГРАЦИОННЫЙ ПУНКТ ПО АЛТАЙСКОМУ КРАЮ И АЛТАО В Г БИЙСК,МИГРАЦИОННЫЙ ПУНКТ ПО АЛТАЙСКОМУ КРАЮ И АЛТАЮ В Г. БИЙСК,МИГРАЦИОННЫЙ ПУНКТ ПО АЛТАЙСКОМУ КРАЮ И АЛТАО В Г БИЙСК,2,0.035714,0.035714,0,
passport_0009_seedream.png,9,series_and_number,16 24 260265,16 24 260265,1624260265,1624260265,0,0.000000,0.000000,1,
passport_0010_seedream.png,10,lastname,ХУСАИНОВА,ХУСАИНОВА,ХУСАИНОВА,ХУСАИНОВА,0,0.000000,0.000000,1,
passport_0010_seedream.png,10,firstname,ЮЛИАНА,ОЛИАНА,ЮЛИАНА,ОЛИАНА,1,0.166667,0.166667,0,
passport_0010_seedream.png,10,middlename,ФЁДОРОВНА,ФЕДОРОВНА,ФЕДОРОВНА,ФЕДОРОВНА,0,0.000000,0.000000,1,
passport_0010_seedream.png,10,sex,ЖЕН.,Ж,F,F,0,0.000000,0.000000,1,
passport_0010_seedream.png,10,birth_date,13.02.1993,13.02.2993,13021993,13022993,1,0.125000,0.125000,0,
passport_0010_seedream.png,10,birth_place,Г. ИРКУТСК,Г ИРКУТСК,Г. ИРКУТСК,Г ИРКУТСК,1,0.100000,0.100000,0,
passport_0010_seedream.png,10,date_of_issue,02.09.2015,02.09.2015,02092015,02092015,0,0.000000,0.000000,1,
passport_0010_seedream.png,10,department_code,761-995,761-995,761995,761995,0,0.000000,0.000000,1,
passport_0010_seedream.png,10,passport_issued_full,МИГРАЦИОННЫЙ ПУНКТ ПО ЯРОСЛАВСКОЙ ОБЛАСТИ В ДЗЕРЖИНСКОМ Р-НЕ Г. ЯРОСЛАВЛЯ,МИГРАЦИОННЫЙ ПУНКТ ПО ЯРОСЛАВСКОЙ ОБЛАСТИ В ДЗЕРЖКИНСКОМ Р-НЕ Г ЯРОСЛАВЛЯ,МИГРАЦИОННЫЙ ПУНКТ ПО ЯРОСЛАВСКОЙ ОБЛАСТИ В ДЗЕРЖИНСКОМ Р-НЕ Г. ЯРОСЛАВЛЯ,МИГРАЦИОННЫЙ ПУНКТ ПО ЯРОСЛАВСКОЙ ОБЛАСТИ В ДЗЕРЖКИНСКОМ Р-НЕ Г ЯРОСЛАВЛЯ,2,0.027397,0.027397,0,
passport_0010_seedream.png,10,series_and_number,80 11 813328,18 01 181332,8011813328,1801181332,2,0.200000,0.200000,0,
passport_0011_seedream.png,11,lastname,МКРТЧЯН,МКРТЧЯН,МКРТЧЯН,МКРТЧЯН,0,0.000000,0.000000,1,
passport_0011_seedream.png,11,firstname,ВИОЛЕТТА,ВИОЛЕТТА,ВИОЛЕТТА,ВИОЛЕТТА,0,0.000000,0.000000,1,
passport_0011_seedream.png,11,middlename,АБДУЛОВНА,АБДУЛОВНА,АБДУЛОВНА,АБДУЛОВНА,0,0.000000,0.000000,1,
passport_0011_seedream.png,11,sex,ЖЕН.,Ж,F,F,0,0.000000,0.000000,1,
passport_0011_seedream.png,11,birth_date,11.11.1972,11.11.1972,11111972,11111972,0,0.000000,0.000000,1,
passport_0011_seedream.png,11,birth_place,Г. УФА,Г УФА,Г. УФА,Г УФА,1,0.166667,0.166667,0,
passport_0011_seedream.png,11,date_of_issue,09.11.1991,09.11.1991,09111991,09111991,0,0.000000,0.000000,1,
passport_0011_seedream.png,11,department_code,260-465,260-465,260465,260465,0,0.000000,0.000000,1,
passport_0011_seedream.png,11,passport_issued_full,МЕЖРАЙОННЫЙ ОТДЕЛ УФМС ПО СТАВРОПОЛЬСКОМУ КРАЮ В Г. ПЯТИГОРСК,МЕЖРАЙОННЫЙ ОТДЕЛ УФМС ПО СТАВРОЛОЛЬСКОМУ КРАЮ В Г ПЯТИГОРСК,МЕЖРАЙОННЫЙ ОТДЕЛ УФМС ПО СТАВРОПОЛЬСКОМУ КРАЮ В Г. ПЯТИГОРСК,МЕЖРАЙОННЫЙ ОТДЕЛ УФМС ПО СТАВРОЛОЛЬСКОМУ КРАЮ В Г ПЯТИГОРСК,2,0.032787,0.032787,0,
passport_0011_seedream.png,11,series_and_number,10 43 624902,10 43 624902,1043624902,1043624902,0,0.000000,0.000000,1,
passport_0012_seedream.png,12,lastname,ЗАГОРОДНИАЯ,ЗАГОРОДНИАЯ,ЗАГОРОДНИАЯ,ЗАГОРОДНИАЯ,0,0.000000,0.000000,1,
passport_0012_seedream.png,12,firstname,ВЕРА,ВЕРА,ВЕРА,ВЕРА,0,0.000000,0.000000,1,
passport_0012_seedream.png,12,middlename,ГРИГОРЬЕВНА,ГРИГОРЬЕВНА,ГРИГОРЬЕВНА,ГРИГОРЬЕВНА,0,0.000000,0.000000,1,
passport_0012_seedream.png,12,sex,ЖЕН.,Ж,F,F,0,0.000000,0.000000,1,
passport_0012_seedream.png,12,birth_date,27.05.1995,27.05.1995,27051995,27051995,0,0.000000,0.000000,1,
passport_0012_seedream.png,12,birth_place,С. ПОДОЛЬСКОЕ ТВЕРСКОЙ ОБЛ.,С ПОДОЛЬСКОЕ ТВЕРСКОЙ ОБЛ.,С. ПОДОЛЬСКОЕ ТВЕРСКОЙ ОБЛ.,С ПОДОЛЬСКОЕ ТВЕРСКОЙ ОБЛ.,1,0.037037,0.037037,0,
passport_0012_seedream.png,12,date_of_issue,21.09.2023,21.09.2023,21092023,21092023,0,0.000000,0.000000,1,
passport_0012_seedream.png,12,department_code,541-383,541-383,541383,541383,0,0.000000,0.000000,1,
passport_0012_seedream.png,12,passport_issued_full,МЕЖРАЙОННЫЙ ОТДЕЛ УФМС ПО НОВОСИБИРСКОЙ ОБЛ. В СОВЕТСКОМ Р-НЕ,МЕКРАЙОННЫЙ ОТДЕЛ УФМС ПО НОВОСИБИРСКОЙ ОБЛ В СОВЕТСКОМ Р-НЕ,МЕЖРАЙОННЫЙ ОТДЕЛ УФМС ПО НОВОСИБИРСКОЙ ОБЛ. В СОВЕТСКОМ Р-НЕ,МЕКРАЙОННЫЙ ОТДЕЛ УФМС ПО НОВОСИБИРСКОЙ ОБЛ В СОВЕТСКОМ Р-НЕ,2,0.032787,0.032787,0,
passport_0012_seedream.png,12,series_and_number,30 79 916449,30 79 916449,3079916449,3079916449,0,0.000000,0.000000,1,
passport_0013_seedream.png,13,lastname,АЛИЕВА,АЛИЕВА,АЛИЕВА,АЛИЕВА,0,0.000000,0.000000,1,
passport_0013_seedream.png,13,firstname,АННА,АННА,АННА,АННА,0,0.000000,0.000000,1,
passport_0013_seedream.png,13,middlename,РАШИДОВНА,РАШИДОВНА,РАШИДОВНА,РАШИДОВНА,0,0.000000,0.000000,1,
passport_0013_seedream.png,13,sex,ЖЕН.,Ж,F,F,0,0.000000,0.000000,1,
passport_0013_seedream.png,13,birth_date,01.08.1975,01.08.1975,01081975,01081975,0,0.000000,0.000000,1,
passport_0013_seedream.png,13,birth_place,Г. ВОРОНЕЖ,Г ВОРОНЕЖ,Г. ВОРОНЕЖ,Г ВОРОНЕЖ,1,0.100000,0.100000,0,
passport_0013_seedream.png,13,date_of_issue,03.08.1994,03.08.1994,03081994,03081994,0,0.000000,0.000000,1,
passport_0013_seedream.png,13,department_code,340-060,340-060,340060,340060,0,0.000000,0.000000,1,
passport_0013_seedream.png,13,passport_issued_full,МЕЖРАЙОННЫЙ ОТДЕЛ УФМС ПО ВОЛГОГРАДСКОЙ ОБЛ. В Г. ВОЛЖСКИЙ,МЕКРАЙОННЫЙ ОТДЕЛ УФМС ПО ВОЛГОГРАДСКОЙ ОБЛ В Г ВОЛЖСКИЙ,МЕЖРАЙОННЫЙ ОТДЕЛ УФМС ПО ВОЛГОГРАДСКОЙ ОБЛ. В Г. ВОЛЖСКИЙ,МЕКРАЙОННЫЙ ОТДЕЛ УФМС ПО ВОЛГОГРАДСКОЙ ОБЛ В Г ВОЛЖСКИЙ,3,0.051724,0.051724,0,
passport_0013_seedream.png,13,series_and_number,40 82 182582,40 82 182582,4082182582,4082182582,0,0.000000,0.000000,1,
passport_0014_seedream.jpeg,14,lastname,ШЕВЧЕНКО,ШЕВЧЕНКО,ШЕВЧЕНКО,ШЕВЧЕНКО,0,0.000000,0.000000,1,
passport_0014_seedream.jpeg,14,firstname,МУРАТ,МУРАТ,МУРАТ,МУРАТ,0,0.000000,0.000000,1,
passport_0014_seedream.jpeg,14,middlename,ВЛАДИМИРОВИЧ,ВЛАДИМИРОВИЧ,ВЛАДИМИРОВИЧ,ВЛАДИМИРОВИЧ,0,0.000000,0.000000,1,
passport_0014_seedream.jpeg,14,sex,МУЖ.,М,M,M,0,0.000000,0.000000,1,
passport_0014_seedream.jpeg,14,birth_date,25.09.2003,25.09.2003,25092003,25092003,0,0.000000,0.000000,1,
passport_0014_seedream.jpeg,14,birth_place,Г. КАЗАНЬ,Г КАЗАНЬ,Г. КАЗАНЬ,Г КАЗАНЬ,1,0.111111,0.111111,0,
passport_0014_seedream.jpeg,14,date_of_issue,18.02.2019,18.02.2019,18022019,18022019,0,0.000000,0.000000,1,
passport_0014_seedream.jpeg,14,department_code,710-272,710-272,710272,710272,0,0.000000,0.000000,1,
passport_0014_seedream.jpeg,14,passport_issued_full,ОТДЕЛ ПО ВОПРОСАМ МИГРАЦИИ ПО ТУЛЬСКОЙ ОБЛ. В СОВЕТСКОМ Р-НЕ,ОТДЕЛ ПО ВОЛРОСАМ МИГРАНИИ ПО ТУЛЬСКОЙ ОБЛ. В СОВЕТСКОМ Р-НЕ,ОТДЕЛ ПО ВОПРОСАМ МИГРАЦИИ ПО ТУЛЬСКОЙ ОБЛ. В СОВЕТСКОМ Р-НЕ,ОТДЕЛ ПО ВОЛРОСАМ МИГРАНИИ ПО ТУЛЬСКОЙ ОБЛ. В СОВЕТСКОМ Р-НЕ,2,0.033333,0.033333,0,
passport_0014_seedream.jpeg,14,series_and_number,77 87 543692,77 87 543692,7787543692,7787543692,0,0.000000,0.000000,1,
passport_0015_seedream.png,15,lastname,ГАСАНОВА,ГАСАНОВА,ГАСАНОВА,ГАСАНОВА,0,0.000000,0.000000,1,
passport_0015_seedream.png,15,firstname,ГЕЛА,ГЕЛА,ГЕЛА,ГЕЛА,0,0.000000,0.000000,1,
passport_0015_seedream.png,15,middlename,АБДУЛОВНА,АБДУЛОВНА,АБДУЛОВНА,АБДУЛОВНА,0,0.000000,0.000000,1,
passport_0015_seedream.png,15,sex,ЖЕН.,Ж,F,F,0,0.000000,0.000000,1,
passport_0015_seedream.png,15,birth_date,07.12.2001,07.12.2001,07122001,07122001,0,0.000000,0.000000,1,
passport_0015_seedream.png,15,birth_place,Г. УФА,Г УФА,Г. УФА,Г УФА,1,0.166667,0.166667,0,
passport_0015_seedream.png,15,date_of_issue,02.12.2023,02.12.2023,02122023,02122023,0,0.000000,0.000000,1,
passport_0015_seedream.png,15,department_code,272-666,272-666,272666,272666,0,0.000000,0.000000,1,
passport_0015_seedream.png,15,passport_issued_full,МЕЖРАЙОННЫЙ ОТДЕЛ УФМС ПО ХАБАРОВСКОМУ КРАЮ В Г. КОМСОМОЛЬСК-НА-АМУРЕ,МЕКРАЙОННЫЙ ОТДЕЛ УОМС ПО ХАБАРОВСКОМУ КРАО В Г КОМСОМОЛЬСКНААМУРЕ,МЕЖРАЙОННЫЙ ОТДЕЛ УФМС ПО ХАБАРОВСКОМУ КРАЮ В Г. КОМСОМОЛЬСК-НА-АМУРЕ,МЕКРАЙОННЫЙ ОТДЕЛ УОМС ПО ХАБАРОВСКОМУ КРАО В Г КОМСОМОЛЬСКНААМУРЕ,6,0.086957,0.086957,0,
passport_0015_seedream.png,15,series_and_number,57 66 642717,57 66 642717,5766642717,5766642717,0,0.000000,0.000000,1,
passport_0016_seedream.png,16,lastname,ЗВЕРЕВ,ЗВЕРЕВ,ЗВЕРЕВ,ЗВЕРЕВ,0,0.000000,0.000000,1,
passport_0016_seedream.png,16,firstname,ПЁТР,ПЕТР,ПЕТР,ПЕТР,0,0.000000,0.000000,1,
passport_0016_seedream.png,16,middlename,ВЛАДИМИРОВИЧ,ВЛАДИМИРОВИЧ,ВЛАДИМИРОВИЧ,ВЛАДИМИРОВИЧ,0,0.000000,0.000000,1,
passport_0016_seedream.png,16,sex,МУЖ.,М,M,M,0,0.000000,0.000000,1,
passport_0016_seedream.png,16,birth_date,19.01.1976,19.01.1976,19011976,19011976,0,0.000000,0.000000,1,
passport_0016_seedream.png,16,birth_place,Г. ОМСК,Г ОМСК,Г. ОМСК,Г ОМСК,1,0.142857,0.142857,0,
passport_0016_seedream.png,16,date_of_issue,20.11.2014,20.11.2014,20112014,20112014,0,0.000000,0.000000,1,
passport_0016_seedream.png,16,department_code,630-073,630-073,630073,630073,0,0.000000,0.000000,1,
passport_0016_seedream.png,16,passport_issued_full,ОТДЕЛ ПО ВОПРОСАМ МИГРАЦИИ ПО САМАРСКОЙ ОБЛ. В Г. ЧАПАЕВСК,ОТДЕЛ ЛПО ВОПРОСАМ НИРАШИ ПО САМАРСКОЙ ОБЛ В Г ЧАПАЕВСК,ОТДЕЛ ПО ВОПРОСАМ МИГРАЦИИ ПО САМАРСКОЙ ОБЛ. В Г. ЧАПАЕВСК,ОТДЕЛ ЛПО ВОПРОСАМ НИРАШИ ПО САМАРСКОЙ ОБЛ В Г ЧАПАЕВСК,7,0.120690,0.120690,0,
passport_0016_seedream.png,16,series_and_number,90 17 340062,19 01 734006,9017340062,1901734006,2,0.200000,0.200000,0,
passport_0017_seedream.png,17,lastname,НОВИКОВ,НОВИКОВ,НОВИКОВ,НОВИКОВ,0,0.000000,0.000000,1,
passport_0017_seedream.png,17,firstname,ЭЛЬДАР,ЭЛЬДАР,ЭЛЬДАР,ЭЛЬДАР,0,0.000000,0.000000,1,
passport_0017_seedream.png,17,middlename,МАГОМЕДОВИЧ,МАГОМЕДОВИЧ,МАГОМЕДОВИЧ,МАГОМЕДОВИЧ,0,0.000000,0.000000,1,
passport_0017_seedream.png,17,sex,МУЖ.,М,M,M,0,0.000000,0.000000,1,
passport_0017_seedream.png,17,birth_date,08.09.1959,08.09.1959,08091959,08091959,0,0.000000,0.000000,1,
passport_0017_seedream.png,17,birth_place,Г. ВЛАДИВОСТОК,Г. ВЛАДИВОСТОК,Г. ВЛАДИВОСТОК,Г. ВЛАДИВОСТОК,0,0.000000,0.000000,1,
passport_0017_seedream.png,17,date_of_issue,29.08.1998,29.08.1998,29081998,29081998,0,0.000000,0.000000,1,
passport_0017_seedream.png,17,department_code,420-553,420-553,420553,420553,0,0.000000,0.000000,1,
passport_0017_seedream.png,17,passport_issued_full,МЕЖРАЙОННЫЙ ОТДЕЛ УФМС ПО КЕМЕРОВСКОЙ ОБЛАСТИ - КУЗБАСС В Г. ПРОКОПЬЕВСК,МЕКРАЙОННЫЙ ОТДЕЛ УФМС В Г ПРОКОПЬЕВСК,МЕЖРАЙОННЫЙ ОТДЕЛ УФМС ПО КЕМЕРОВСКОЙ ОБЛАСТИ - КУЗБАСС В Г. ПРОКОПЬЕВСК,МЕКРАЙОННЫЙ ОТДЕЛ УФМС В Г ПРОКОПЬЕВСК,35,0.486111,0.486111,0,
passport_0017_seedream.png,17,series_and_number,26 83 704201,26 83 704201,2683704201,2683704201,0,0.000000,0.000000,1,
passport_0018_seedream.png,18,lastname,НУРИЕВ,НУРИЕВ,НУРИЕВ,НУРИЕВ,0,0.000000,0.000000,1,
passport_0018_seedream.png,18,firstname,ОСИП,ОСИП,ОСИП,ОСИП,0,0.000000,0.000000,1,
passport_0018_seedream.png,18,middlename,ГИЯОВИЧ,ГИЯОВИЧ,ГИЯОВИЧ,ГИЯОВИЧ,0,0.000000,0.000000,1,
passport_0018_seedream.png,18,sex,МУЖ.,М,M,M,0,0.000000,0.000000,1,
passport_0018_seedream.png,18,birth_date,04.02.1967,04.02.1967,04021967,04021967,0,0.000000,0.000000,1,
passport_0018_seedream.png,18,birth_place,Г. ВОРОНЕЖ,Г ВОРОНЕЖ,Г. ВОРОНЕЖ,Г ВОРОНЕЖ,1,0.100000,0.100000,0,
passport_0018_seedream.png,18,date_of_issue,03.10.2019,03.10.2019,03102019,03102019,0,0.000000,0.000000,1,
passport_0018_seedream.png,18,department_code,051-479,051-479,051479,051479,0,0.000000,0.000000,1,
passport_0018_seedream.png,18,passport_issued_full,МЕЖРАЙОННЫЙ ОТДЕЛ УФМС ПО РЕСП. ДАГЕСТАН В Г. ДЕРБЕНТ,МЕКРАЙОННЫЙ ОТДЕЛ УФМС ПО РЕСП ДАГЕСТАН ВТГ ДЕРБЕНТ,МЕЖРАЙОННЫЙ ОТДЕЛ УФМС ПО РЕСП. ДАГЕСТАН В Г. ДЕРБЕНТ,МЕКРАЙОННЫЙ ОТДЕЛ УФМС ПО РЕСП ДАГЕСТАН ВТГ ДЕРБЕНТ,4,0.075472,0.075472,0,
passport_0018_seedream.png,18,series_and_number,16 96 785197,16 96 785197,1696785197,1696785197,0,0.000000,0.000000,1,
passport_0019_seedream.jpeg,19,lastname,ЗАЙЦЕВА,ЗАЙЦЕВА,ЗАЙЦЕВА,ЗАЙЦЕВА,0,0.000000,0.000000,1,
passport_0019_seedream.jpeg,19,firstname,СВЕТЛАНА,СВЕТЛАНА,СВЕТЛАНА,СВЕТЛАНА,0,0.000000,0.000000,1,
passport_0019_seedream.jpeg,19,middlename,СТАНИСЛАВОВНА,СТАНИСЛАВОВНА,СТАНИСЛАВОВНА,СТАНИСЛАВОВНА,0,0.000000,0.000000,1,
passport_0019_seedream.jpeg,19,sex,ЖЕН.,Ж,F,F,0,0.000000,0.000000,1,
passport_0019_seedream.jpeg,19,birth_date,26.06.2001,26.06.2001,26062001,26062001,0,0.000000,0.000000,1,
passport_0019_seedream.jpeg,19,birth_place,Г. ЕКАТЕРИНБУРГ,Г ЕКАТЕРИНБУРГ,Г. ЕКАТЕРИНБУРГ,Г ЕКАТЕРИНБУРГ,1,0.066667,0.066667,0,
passport_0019_seedream.jpeg,19,date_of_issue,19.02.2025,19.02.2025,19022025,19022025,0,0.000000,0.000000,1,
passport_0019_seedream.jpeg,19,department_code,591-195,59-195,591195,59195,1,0.166667,0.166667,0,
passport_0019_seedream.jpeg,19,passport_issued_full,ОУФМС РОССИИ ПО ПЕРМСКОМУ КРАЮ И КОМИ-ПЕРМЯЦКОМУ ОКРУГУ В ДЗЕРЖИНСКОМ Р-НЕ,ОУФМС РОССИИ О ПЕРМСКОМУ АЕЗМ. КРАО РОССИИ И СЗМ-ЛСИПВЗЮ В ДЛЕРЕИНСКОМ Р-НЕ А,ОУФМС РОССИИ ПО ПЕРМСКОМУ КРАЮ И КОМИ-ПЕРМЯЦКОМУ ОКРУГУ В ДЗЕРЖИНСКОМ Р-НЕ,ОУФМС РОССИИ О ПЕРМСКОМУ АЕЗМ. КРАО РОССИИ И СЗМ-ЛСИПВЗЮ В ДЛЕРЕИНСКОМ Р-НЕ А,33,0.445946,0.445946,0,
passport_0019_seedream.jpeg,19,series_and_number,78 67 246991,78 67 246991,7867246991,7867246991,0,0.000000,0.000000,1,
passport_0020_seedream.png,20,lastname,ЛЫСЕНКО,ЛЫСЕНКО,ЛЫСЕНКО,ЛЫСЕНКО,0,0.000000,0.000000,1,
passport_0020_seedream.png,20,firstname,НЕСТОР,НЕСТОР,НЕСТОР,НЕСТОР,0,0.000000,0.000000,1,
passport_0020_seedream.png,20,middlename,ЯРОСЛАВОВИЧ,ЯРОСЛАВОВИЧ,ЯРОСЛАВОВИЧ,ЯРОСЛАВОВИЧ,0,0.000000,0.000000,1,
passport_0020_seedream.png,20,sex,МУЖ.,М,M,M,0,0.000000,0.000000,1,
passport_0020_seedream.png,20,birth_date,26.08.1959,126.08.1959,26081959,126081959,1,0.125000,0.125000,0,
passport_0020_seedream.png,20,birth_place,Г. ЕКАТЕРИНБУРГ,Г ЕКАТЕРИНБУРГ,Г. ЕКАТЕРИНБУРГ,Г ЕКАТЕРИНБУРГ,1,0.066667,0.066667,0,
passport_0020_seedream.png,20,date_of_issue,05.01.2023,05.01.2023,05012023,05012023,0,0.000000,0.000000,1,
passport_0020_seedream.png,20,department_code,770-993,770-993,770993,770993,0,0.000000,0.000000,1,
passport_0020_seedream.png,20,passport_issued_full,ПВС МВД РОССИИ ПО ГОРОДУ МОСКВЕ ПО РАЙОНУ ЧЕРЁМУШКИ,ЛПВС МВД РОССИИ ПО ТОРОДУ МОСКВЕ ПО РАЙОНУ ЧЕРЕМОШЮЙ,ПВС МВД РОССИИ ПО ГОРОДУ МОСКВЕ ПО РАЙОНУ ЧЕРЕМУШКИ,ЛПВС МВД РОССИИ ПО ТОРОДУ МОСКВЕ ПО РАЙОНУ ЧЕРЕМОШЮЙ,5,0.098039,0.098039,0,
passport_0020_seedream.png,20,series_and_number,21 40 274389,21 40 274389,2140274389,2140274389,0,0.000000,0.000000,1,
passport_0021_seedream.jpeg,21,lastname,ТКАЧЕНКО,ТКАЧЕНКО,ТКАЧЕНКО,ТКАЧЕНКО,0,0.000000,0.000000,1,
passport_0021_seedream.jpeg,21,firstname,НИКИТА,НИКИТА,НИКИТА,НИКИТА,0,0.000000,0.000000,1,
passport_0021_seedream.jpeg,21,middlename,РЕВАЗОВИЧ,РЕВАЗОВИЧ,РЕВАЗОВИЧ,РЕВАЗОВИЧ,0,0.000000,0.000000,1,
passport_0021_seedream.jpeg,21,sex,МУЖ.,М,M,M,0,0.000000,0.000000,1,
passport_0021_seedream.jpeg,21,birth_date,13.03.1958,13.03.1958,13031958,13031958,0,0.000000,0.000000,1,
passport_0021_seedream.jpeg,21,birth_place,Г. ПЕРМЬ,Г ПЕРМЬ,Г. ПЕРМЬ,Г ПЕРМЬ,1,0.125000,0.125000,0,
passport_0021_seedream.jpeg,21,date_of_issue,18.05.1972,18.05.1972,18051972,18051972,0,0.000000,0.000000,1,
passport_0021_seedream.jpeg,21,department_code,523-293,523-293,523293,523293,0,0.000000,0.000000,1,
passport_0021_seedream.jpeg,21,passport_issued_full,МЕЖРАЙОННЫЙ ОТДЕЛ УФМС ПО НИЖЕГОРОДСКОЙ ОБЛ. В НИЖЕГОРОДСКОМ Р-НЕ,МЕКРАЙОННЫЙ ОТДЕЛ УМС ПО ННХЕГОРОДСКОЙ ОЫЛ В НКЕГОРОДСКОМ Р-НЕ,МЕЖРАЙОННЫЙ ОТДЕЛ УФМС ПО НИЖЕГОРОДСКОЙ ОБЛ. В НИЖЕГОРОДСКОМ Р-НЕ,МЕКРАЙОННЫЙ ОТДЕЛ УМС ПО ННХЕГОРОДСКОЙ ОЫЛ В НКЕГОРОДСКОМ Р-НЕ,8,0.123077,0.123077,0,
passport_0021_seedream.jpeg,21,series_and_number,64 99 865990,64 99 865590,6499865990,6499865590,1,0.100000,0.100000,0,
passport_0022_seedream.png,22,lastname,БЕРИДЗЕ,БЕРИДЗЕ,БЕРИДЗЕ,БЕРИДЗЕ,0,0.000000,0.000000,1,
passport_0022_seedream.png,22,firstname,ФАИНА,ФАИНА,ФАИНА,ФАИНА,0,0.000000,0.000000,1,
passport_0022_seedream.png,22,middlename,РЕВАЗОВНА,РЕВАЗОВНА,РЕВАЗОВНА,РЕВАЗОВНА,0,0.000000,0.000000,1,
passport_0022_seedream.png,22,sex,ЖЕН.,Ж,F,F,0,0.000000,0.000000,1,
passport_0022_seedream.png,22,birth_date,07.03.1986,07.03.1986,07031986,07031986,0,0.000000,0.000000,1,
passport_0022_seedream.png,22,birth_place,Г. САМАРА,Г САМАРА,Г. САМАРА,Г САМАРА,1,0.111111,0.111111,0,
passport_0022_seedream.png,22,date_of_issue,24.06.2013,24.06.2013,24062013,24062013,0,0.000000,0.000000,1,
passport_0022_seedream.png,22,department_code,784-754,784-754,784754,784754,0,0.000000,0.000000,1,
passport_0022_seedream.png,22,passport_issued_full,ГУ МВД РОССИИ ПО Г. САНКТ-ПЕТЕРБУРГУ И ЛЕН. ОБЛ. ПО РАЙОНУ ЦЕНТРАЛЬНЫЙ,ГУ МВД РОССИИ ПО Г. САНКТ-ПЕТЕРБУРГУ И ЛЕН ОБЛД ПО РАЙОНУ ДЦЕНТРАЛЬНЫЙ,ГУ МВД РОССИИ ПО Г. САНКТ-ПЕТЕРБУРГУ И ЛЕН. ОБЛ. ПО РАЙОНУ ЦЕНТРАЛЬНЫЙ,ГУ МВД РОССИИ ПО Г. САНКТ-ПЕТЕРБУРГУ И ЛЕН ОБЛД ПО РАЙОНУ ДЦЕНТРАЛЬНЫЙ,3,0.042857,0.042857,0,
passport_0022_seedream.png,22,series_and_number,79 17 884309,79 17 884309,7917884309,7917884309,0,0.000000,0.000000,1,
passport_0023_seedream.jpeg,23,lastname,АЛЕКСЕЕВ,АЛЕКСЕЕВ,АЛЕКСЕЕВ,АЛЕКСЕЕВ,0,0.000000,0.000000,1,
passport_0023_seedream.jpeg,23,firstname,АГАФОН,АГАФОН,АГАФОН,АГАФОН,0,0.000000,0.000000,1,
passport_0023_seedream.jpeg,23,middlename,ВИТАЛЬЕВИЧ,ВИТАЛЬЕВИЧ,ВИТАЛЬЕВИЧ,ВИТАЛЬЕВИЧ,0,0.000000,0.000000,1,
passport_0023_seedream.jpeg,23,sex,МУЖ.,М,M,M,0,0.000000,0.000000,1,
passport_0023_seedream.jpeg,23,birth_date,06.09.1987,06.09.1987,06091987,06091987,0,0.000000,0.000000,1,
passport_0023_seedream.jpeg,23,birth_place,С. ПОДОЛЬСКОЕ ТВЕРСКОЙ ОБЛ.,С. ПОДОЛЬСКОЕ ТВЕРСКОЙ ОБЛ.,С. ПОДОЛЬСКОЕ ТВЕРСКОЙ ОБЛ.,С. ПОДОЛЬСКОЕ ТВЕРСКОЙ ОБЛ.,0,0.000000,0.000000,1,
passport_0023_seedream.jpeg,23,date_of_issue,21.03.2004,21.03.2004,21032004,21032004,0,0.000000,0.000000,1,
passport_0023_seedream.jpeg,23,department_code,781-071,781-071,781071,781071,0,0.000000,0.000000,1,
passport_0023_seedream.jpeg,23,passport_issued_full,ОВМ МВД РОССИИ ПО Г. САНКТ-ПЕТЕРБУРГУ В Г. САНКТ-ПЕТЕРБУРГЕ,ОВМ МВД РОССИИ ПО Г САНКТ-ПЕТЕРБУРГУ В Г САНКТ-ПЕТЕРБУРГЕ,ОВМ МВД РОССИИ ПО Г. САНКТ-ПЕТЕРБУРГУ В Г. САНКТ-ПЕТЕРБУРГЕ,ОВМ МВД РОССИИ ПО Г САНКТ-ПЕТЕРБУРГУ В Г САНКТ-ПЕТЕРБУРГЕ,2,0.033898,0.033898,0,
passport_0023_seedream.jpeg,23,series_and_number,86 18 808011,86 18 808011,8618808011,8618808011,0,0.000000,0.000000,1,
passport_0024_seedream.png,24,lastname,ТЕРЕНТЬЕВА,ТЕРЕНТЬЕВА,ТЕРЕНТЬЕВА,ТЕРЕНТЬЕВА,0,0.000000,0.000000,1,
passport_0024_seedream.png,24,firstname,ВАЛЕРИЯ,ВАЛЕРИЯ,ВАЛЕРИЯ,ВАЛЕРИЯ,0,0.000000,0.000000,1,
passport_0024_seedream.png,24,middlename,ТИХОНОВНА,ТИХОНОВНА,ТИХОНОВНА,ТИХОНОВНА,0,0.000000,0.000000,1,
passport_0024_seedream.png,24,sex,ЖЕН.,Ж,F,F,0,0.000000,0.000000,1,
passport_0024_seedream.png,24,birth_date,19.04.1991,19.04.1991,19041991,19041991,0,0.000000,0.000000,1,
passport_0024_seedream.png,24,birth_place,Г. САНКТ-ПЕТЕРБУРГ,Г КЧЕЕЛПРЕУРГ,Г. САНКТ-ПЕТЕРБУРГ,Г КЧЕЕЛПРЕУРГ,10,0.555556,0.555556,0,
passport_0024_seedream.png,24,date_of_issue,15.08.2018,15.08.2018,15082018,15082018,0,0.000000,0.000000,1,
passport_0024_seedream.png,24,department_code,783-674,783-674,783674,783674,0,0.000000,0.000000,1,
passport_0024_seedream.png,24,passport_issued_full,ОВМ МВД РОССИИ ПО Г. САНКТ-ПЕТЕРБУРГУ И ЛЕН. ОБЛ. ПО РАЙОНУ ЦЕНТРАЛЬНЫЙ,ОВМ МВД РОССИИ ПО Г САНКТ-ПЕТЕРБУРГУ И ЛЕН ОБЛ ПО РАЙОНУ ДЕНТРАЛЬНЫЙ,ОВМ МВД РОССИИ ПО Г. САНКТ-ПЕТЕРБУРГУ И ЛЕН. ОБЛ. ПО РАЙОНУ ЦЕНТРАЛЬНЫЙ,ОВМ МВД РОССИИ ПО Г САНКТ-ПЕТЕРБУРГУ И ЛЕН ОБЛ ПО РАЙОНУ ДЕНТРАЛЬНЫЙ,4,0.056338,0.056338,0,
passport_0024_seedream.png,24,series_and_number,84 82 648177,84 82 648177,8482648177,8482648177,0,0.000000,0.000000,1,
passport_0025_seedream.png,25,lastname,КЛЮЧНИКОВ,КЛОЧНИКОВ,КЛЮЧНИКОВ,КЛОЧНИКОВ,1,0.111111,0.111111,0,
passport_0025_seedream.png,25,firstname,ЛЕОНИД,ЛЕОНИД,ЛЕОНИД,ЛЕОНИД,0,0.000000,0.000000,1,
passport_0025_seedream.png,25,middlename,ТИМУРОВИЧ,ТИМУРОВИЧ,ТИМУРОВИЧ,ТИМУРОВИЧ,0,0.000000,0.000000,1,
passport_0025_seedream.png,25,sex,МУЖ.,М,M,M,0,0.000000,0.000000,1,
passport_0025_seedream.png,25,birth_date,13.05.1970,13.05.1970,13051970,13051970,0,0.000000,0.000000,1,
passport_0025_seedream.png,25,birth_place,Г. ВЛАДИВОСТОК,Г. ВЛАДИВОСТОК,Г. ВЛАДИВОСТОК,Г. ВЛАДИВОСТОК,0,0.000000,0.000000,1,
passport_0025_seedream.png,25,date_of_issue,23.03.1990,23.03.1990,23031990,23031990,0,0.000000,0.000000,1,
passport_0025_seedream.png,25,department_code,243-324,243-324,243324,243324,0,0.000000,0.000000,1,
passport_0025_seedream.png,25,passport_issued_full,ОВМ МВД РОССИИ ПО КРАСНОЯРСКОМУ КРАЮ И ТАЙМЫРУ В ЦЕНТРАЛЬНОМ Р-НЕ Г. КРАСНОЯРСКА,ОВМ МВД РОССИИ ПО КРАСНОЯРСКОМУ КРАО И ТАЙМЫРУ В ЦЕНТРАЛЬНОМ Р-НЕ ТГ КРАСНОЯРСКА,ОВМ МВД РОССИИ ПО КРАСНОЯРСКОМУ КРАЮ И ТАЙМЫРУ В ЦЕНТРАЛЬНОМ Р-НЕ Г. КРАСНОЯРСКА,ОВМ МВД РОССИИ ПО КРАСНОЯРСКОМУ КРАО И ТАЙМЫРУ В ЦЕНТРАЛЬНОМ Р-НЕ ТГ КРАСНОЯРСКА,3,0.037500,0.037500,0,
passport_0025_seedream.png,25,series_and_number,19 11 580547,19,1911580547,19,8,0.800000,0.800000,0,
passport_0026_seedream.png,26,lastname,ДЖАВАХИШВИЛИ,ДЖАВАХИШВИЛИ,ДЖАВАХИШВИЛИ,ДЖАВАХИШВИЛИ,0,0.000000,0.000000,1,
passport_0026_seedream.png,26,firstname,ПОЛИНА,ПОЛИНА,ПОЛИНА,ПОЛИНА,0,0.000000,0.000000,1,
passport_0026_seedream.png,26,middlename,ИВАНОВНА,ИВАНОВНА,ИВАНОВНА,ИВАНОВНА,0,0.000000,0.000000,1,
passport_0026_seedream.png,26,sex,ЖЕН.,Ж,F,F,0,0.000000,0.000000,1,
passport_0026_seedream.png,26,birth_date,17.04.1989,17.04.1989,17041989,17041989,0,0.000000,0.000000,1,
passport_0026_seedream.png,26,birth_place,Г. КАЗАНЬ,Г КАЗАНЬ,Г. КАЗАНЬ,Г КАЗАНЬ,1,0.111111,0.111111,0,
passport_0026_seedream.png,26,date_of_issue,07.03.2015,07.03.2015,07032015,07032015,0,0.000000,0.000000,1,
passport_0026_seedream.png,26,department_code,550-901,550-901,550901,550901,0,0.000000,0.000000,1,
passport_0026_seedream.png,26,passport_issued_full,МЕЖРАЙОННЫЙ ОТДЕЛ УФМС ПО ОМСКОЙ ОБЛ. В ЛЕНИНСКОМ АДМ. ОКРУГЕ,МЕКРАЙОННЫЙ ОТДЕЛ УФМС ПО ОМСКОЙ ОБЛ В ЛЕНИНСКОМ АДМ ОКРУТЕ,МЕЖРАЙОННЫЙ ОТДЕЛ УФМС ПО ОМСКОЙ ОБЛ. В ЛЕНИНСКОМ АДМ. ОКРУГЕ,МЕКРАЙОННЫЙ ОТДЕЛ УФМС ПО ОМСКОЙ ОБЛ В ЛЕНИНСКОМ АДМ ОКРУТЕ,4,0.065574,0.065574,0,
passport_0026_seedream.png,26,series_and_number,41 57 398830,41 57 398830,4157398830,4157398830,0,0.000000,0.000000,1,
passport_0027_seedream.png,27,lastname,КАГАН,КАГАН,КАГАН,КАГАН,0,0.000000,0.000000,1,
passport_0027_seedream.png,27,firstname,ФОМ,ФОМ,ФОМ,ФОМ,0,0.000000,0.000000,1,
passport_0027_seedream.png,27,middlename,МАРКОВИЧ,МАРКОВИЧ,МАРКОВИЧ,МАРКОВИЧ,0,0.000000,0.000000,1,
passport_0027_seedream.png,27,sex,МУЖ.,М,M,M,0,0.000000,0.000000,1,
passport_0027_seedream.png,27,birth_date,17.11.1994,17.11.199,17111994,1711199,1,0.125000,0.125000,0,
passport_0027_seedream.png,27,birth_place,Г. ВЛАДИВОСТОК,Г ВЛАДИВОСТОЙ,Г. ВЛАДИВОСТОК,Г ВЛАДИВОСТОЙ,2,0.142857,0.142857,0,
passport_0027_seedream.png,27,date_of_issue,16.01.2009,16.01.2009,16012009,16012009,0,0.000000,0.000000,1,
passport_0027_seedream.png,27,department_code,240-962,240-962,240962,240962,0,0.000000,0.000000,1,
passport_0027_seedream.png,27,passport_issued_full,ОВМ МВД РОССИИ ПО КРАСНОЯРСКОМУ КРАЮ В СОВЕТСКОМ Р-НЕ,ОВМ МВД РОССИИ ПО КРАСНОЯРСКОМУ КРАЮ В СОВЕТСКОМ Р-НЕ,ОВМ МВД РОССИИ ПО КРАСНОЯРСКОМУ КРАЮ В СОВЕТСКОМ Р-НЕ,ОВМ МВД РОССИИ ПО КРАСНОЯРСКОМУ КРАЮ В СОВЕТСКОМ Р-НЕ,0,0.000000,0.000000,1,
passport_0027_seedream.png,27,series_and_number,27 43 221035,,2743221035,,10,1.000000,1.000000,0,
passport_0029_seedream.png,29,lastname,ГРИНБЕРГ,ГРИНБЕРГ,ГРИНБЕРГ,ГРИНБЕРГ,0,0.000000,0.000000,1,
passport_0029_seedream.png,29,firstname,РУСТАМ,РУСТАМ,РУСТАМ,РУСТАМ,0,0.000000,0.000000,1,
passport_0029_seedream.png,29,middlename,НИКОЛАЕВИЧ,НИКОЛАЕВИЧ,НИКОЛАЕВИЧ,НИКОЛАЕВИЧ,0,0.000000,0.000000,1,
passport_0029_seedream.png,29,sex,МУЖ.,М,M,M,0,0.000000,0.000000,1,
passport_0029_seedream.png,29,birth_date,14.11.1960,14.11.1960,14111960,14111960,0,0.000000,0.000000,1,
passport_0029_seedream.png,29,birth_place,Г. САНКТ-ПЕТЕРБУРГ,Г САНКТ-ПЕТЕРБУРГ,Г. САНКТ-ПЕТЕРБУРГ,Г САНКТ-ПЕТЕРБУРГ,1,0.055556,0.055556,0,
passport_0029_seedream.png,29,date_of_issue,07.09.1999,07.09.1999,07091999,07091999,0,0.000000,0.000000,1,
passport_0029_seedream.png,29,department_code,775-790,775-790,775790,775790,0,0.000000,0.000000,1,
passport_0029_seedream.png,29,passport_issued_full,ГУ МВД РОССИИ ПО ГОРОДУ МОСКВЕ ПО РАЙОНУ ТВЕРСКОЙ,ГУ МВД РОССИИ ПО ГОРОДУ МОСКВЕ ПО РАЙОНУ ТВЕРСКОЙ,ГУ МВД РОССИИ ПО ГОРОДУ МОСКВЕ ПО РАЙОНУ ТВЕРСКОЙ,ГУ МВД РОССИИ ПО ГОРОДУ МОСКВЕ ПО РАЙОНУ ТВЕРСКОЙ,0,0.000000,0.000000,1,
passport_0029_seedream.png,29,series_and_number,26 91 374680,26 91 374680,2691374680,2691374680,0,0.000000,0.000000,1,
passport_0030_seedream.png,30,lastname,ГРИЦЕНКО,ГРИЦЕНКО,ГРИЦЕНКО,ГРИЦЕНКО,0,0.000000,0.000000,1,
passport_0030_seedream.png,30,firstname,ХАРИТОН,ХАРИТОН,ХАРИТОН,ХАРИТОН,0,0.000000,0.000000,1,
passport_0030_seedream.png,30,middlename,ШАМИЛЕВИЧ,ШАМИЛЕВИЧ,ШАМИЛЕВИЧ,ШАМИЛЕВИЧ,0,0.000000,0.000000,1,
passport_0030_seedream.png,30,sex,МУЖ.,М,M,M,0,0.000000,0.000000,1,
passport_0030_seedream.png,30,birth_date,04.01.1990,04.01.1990,04011990,04011990,0,0.000000,0.000000,1,
passport_0030_seedream.png,30,birth_place,Г. СОЧИ,Г СОЧИ,Г. СОЧИ,Г СОЧИ,1,0.142857,0.142857,0,
passport_0030_seedream.png,30,date_of_issue,08.09.2005,08.09.2005,08092005,08092005,0,0.000000,0.000000,1,
passport_0030_seedream.png,30,department_code,164-037,164-037,164037,164037,0,0.000000,0.000000,1,
passport_0030_seedream.png,30,passport_issued_full,ТП УФМС РОССИИ ПО РЕСПУБЛИКЕ ТАТАРСТАН В Г. БУГУЛЬМА,ТП УФМС РОССИИ ПО РЕСПУБЛИКЕ ТАТАРСТАН ВГ БУГУЛЬМА,ТП УФМС РОССИИ ПО РЕСПУБЛИКЕ ТАТАРСТАН В Г. БУГУЛЬМА,ТП УФМС РОССИИ ПО РЕСПУБЛИКЕ ТАТАРСТАН ВГ БУГУЛЬМА,2,0.038462,0.038462,0,
passport_0030_seedream.png,30,series_and_number,57 84 679364,57 84 679364,5784679364,5784679364,0,0.000000,0.000000,1,
passport_0031_seedream.png,31,lastname,СЕРГЕЕВ,СЕРГЕЕВ,СЕРГЕЕВ,СЕРГЕЕВ,0,0.000000,0.000000,1,
passport_0031_seedream.png,31,firstname,МИХАИЛ,МИХАИЛ,МИХАИЛ,МИХАИЛ,0,0.000000,0.000000,1,
passport_0031_seedream.png,31,middlename,РУСЛАНОВИЧ,РУСЛАНОВИЧ,РУСЛАНОВИЧ,РУСЛАНОВИЧ,0,0.000000,0.000000,1,
passport_0031_seedream.png,31,sex,МУЖ.,М,M,M,0,0.000000,0.000000,1,
passport_0031_seedream.png,31,birth_date,12.01.1978,12.01.1978,12011978,12011978,0,0.000000,0.000000,1,
passport_0031_seedream.png,31,birth_place,Г. ВЛАДИВОСТОК,Г ВЛАДИВОСТОК,Г. ВЛАДИВОСТОК,Г ВЛАДИВОСТОК,1,0.071429,0.071429,0,
passport_0031_seedream.png,31,date_of_issue,11.06.2001,11.06.2001,11062001,11062001,0,0.000000,0.000000,1,
passport_0031_seedream.png,31,department_code,590-363,590-363,590363,590363,0,0.000000,0.000000,1,
passport_0031_seedream.png,31,passport_issued_full,МЕЖРАЙОННЫЙ ОТДЕЛ УФМС ПО ПЕРМСКОМУ КРАЮ В МОТОВИЛИХИНСКОМ Р-НЕ Г. ПЕРМИ,МЕКРАЙОННЫЙ ОТДЕЛ УФМС ПО ПЕРМСКОМУ КРАЮ В МОТОВИЛИХИНСКОМ Р-НЕ Г. ПЕРМИ,МЕЖРАЙОННЫЙ ОТДЕЛ УФМС ПО ПЕРМСКОМУ КРАЮ В МОТОВИЛИХИНСКОМ Р-НЕ Г. ПЕРМИ,МЕКРАЙОННЫЙ ОТДЕЛ УФМС ПО ПЕРМСКОМУ КРАЮ В МОТОВИЛИХИНСКОМ Р-НЕ Г. ПЕРМИ,1,0.013889,0.013889,0,
passport_0031_seedream.png,31,series_and_number,81 62 750810,81 16 275081,8162750810,8116275081,2,0.200000,0.200000,0,
passport_0032_seedream.png,32,lastname,АСАДОВА,АСАДОВА,АСАДОВА,АСАДОВА,0,0.000000,0.000000,1,
passport_0032_seedream.png,32,firstname,ВЕРОНИКА,ВЕРОНИКА,ВЕРОНИКА,ВЕРОНИКА,0,0.000000,0.000000,1,
passport_0032_seedream.png,32,middlename,ГРИГОРЬЕВНА,ГРИГОРЬЕВНА,ГРИГОРЬЕВНА,ГРИГОРЬЕВНА,0,0.000000,0.000000,1,
passport_0032_seedream.png,32,sex,ЖЕН.,Ж,F,F,0,0.000000,0.000000,1,
passport_0032_seedream.png,32,birth_date,14.03.1965,14.03.1965,14031965,14031965,0,0.000000,0.000000,1,
passport_0032_seedream.png,32,birth_place,Г. НИЖНИЙ НОВГОРОД,Г НИЖНИЙ НОВГОРОД,Г. НИЖНИЙ НОВГОРОД,Г НИЖНИЙ НОВГОРОД,1,0.055556,0.055556,0,
passport_0032_seedream.png,32,date_of_issue,31.05.1981,31.05.1981,31051981,31051981,0,0.000000,0.000000,1,
passport_0032_seedream.png,32,department_code,743-822,743-822,743822,743822,0,0.000000,0.000000,1,
passport_0032_seedream.png,32,passport_issued_full,ТП УФМС РОССИИ ПО ЧЕЛЯБИНСКОЙ ОБЛАСТИ В ТРАКТОРОЗАВОДСКОМ Р-НЕ,ТП УФМС РОССИИ ПО ЧЕЛЯБИНСКОЙ ОБЛАСТИ В ТРАКТОРОЗАВОДСКОМ Р-НЕ,ТП УФМС РОССИИ ПО ЧЕЛЯБИНСКОЙ ОБЛАСТИ В ТРАКТОРОЗАВОДСКОМ Р-НЕ,ТП УФМС РОССИИ ПО ЧЕЛЯБИНСКОЙ ОБЛАСТИ В ТРАКТОРОЗАВОДСКОМ Р-НЕ,0,0.000000,0.000000,1,
passport_0032_seedream.png,32,series_and_number,95 41 379766,55 41 379766,9541379766,5541379766,1,0.100000,0.100000,0,
passport_0034_seedream.png,34,lastname,САВЕЛЬЕВА,САВЕЛЬЕВА,САВЕЛЬЕВА,САВЕЛЬЕВА,0,0.000000,0.000000,1,
passport_0034_seedream.png,34,firstname,АЛИСА,АЛИСА,АЛИСА,АЛИСА,0,0.000000,0.000000,1,
passport_0034_seedream.png,34,middlename,ЕВГЕНЬЕВНА,ЕВГЕНЬЕВНА,ЕВГЕНЬЕВНА,ЕВГЕНЬЕВНА,0,0.000000,0.000000,1,
passport_0034_seedream.png,34,sex,ЖЕН.,Ж,F,F,0,0.000000,0.000000,1,
passport_0034_seedream.png,34,birth_date,12.05.1959,12.05.1959,12051959,12051959,0,0.000000,0.000000,1,
passport_0034_seedream.png,34,birth_place,Г. ПЕРМЬ,Г ПЕРМЬ,Г. ПЕРМЬ,Г ПЕРМЬ,1,0.125000,0.125000,0,
passport_0034_seedream.png,34,date_of_issue,19.01.2019,19.01.2019,19012019,19012019,0,0.000000,0.000000,1,
passport_0034_seedream.png,34,department_code,740-119,740-119,740119,740119,0,0.000000,0.000000,1,
passport_0034_seedream.png,34,passport_issued_full,ТП УФМС РОССИИ ПО ЧЕЛЯБИНСКОЙ ОБЛ. В ТРАКТОРОЗАВОДСКОМ Р-НЕ,ТП УФМС РОССИИ ПО ЧЕЛЯБИНСКОЙ ОБЛ В ТРАКТОРОЗАВОДСКОМ Р-НЕ,ТП УФМС РОССИИ ПО ЧЕЛЯБИНСКОЙ ОБЛ. В ТРАКТОРОЗАВОДСКОМ Р-НЕ,ТП УФМС РОССИИ ПО ЧЕЛЯБИНСКОЙ ОБЛ В ТРАКТОРОЗАВОДСКОМ Р-НЕ,1,0.016949,0.016949,0,
passport_0034_seedream.png,34,series_and_number,43 32 708792,43 33 708794,4332708792,4333708794,2,0.200000,0.200000,0,
passport_0035_seedream.png,35,lastname,КОРНИЛОВА,КОРНИЛОВА,КОРНИЛОВА,КОРНИЛОВА,0,0.000000,0.000000,1,
passport_0035_seedream.png,35,firstname,НАТАЛЬЯ,НАТАЛЬЯ,НАТАЛЬЯ,НАТАЛЬЯ,0,0.000000,0.000000,1,
passport_0035_seedream.png,35,middlename,НИКОЛАЕВНА,НИКОЛАЕВНА,НИКОЛАЕВНА,НИКОЛАЕВНА,0,0.000000,0.000000,1,
passport_0035_seedream.png,35,sex,ЖЕН.,Ж,F,F,0,0.000000,0.000000,1,
passport_0035_seedream.png,35,birth_date,12.07.1993,12.07.1993,12071993,12071993,0,0.000000,0.000000,1,
passport_0035_seedream.png,35,birth_place,Г. РЯЗАНЬ,Г РЯЗАНЬ,Г. РЯЗАНЬ,Г РЯЗАНЬ,1,0.111111,0.111111,0,
passport_0035_seedream.png,35,date_of_issue,10.11.2023,10.11.2023,10112023,10112023,0,0.000000,0.000000,1,
passport_0035_seedream.png,35,department_code,341-621,341-621,341621,341621,0,0.000000,0.000000,1,
passport_0035_seedream.png,35,passport_issued_full,ОВМ МВД РОССИИ ПО ВОЛГОГРАДСКОЙ ОБЛ. В Г. МИХАЙЛОВКА,ОВМ МВД РОССИИ ПО ВОЛГОГРАДСКОЙ ОБЛ. В Г МИХАЙЛОВКА,ОВМ МВД РОССИИ ПО ВОЛГОГРАДСКОЙ ОБЛ. В Г. МИХАЙЛОВКА,ОВМ МВД РОССИИ ПО ВОЛГОГРАДСКОЙ ОБЛ. В Г МИХАЙЛОВКА,1,0.019231,0.019231,0,
passport_0035_seedream.png,35,series_and_number,75 24 503906,75 24 503906,7524503906,7524503906,0,0.000000,0.000000,1,
passport_0036_seedream.png,36,lastname,ЦВЕТКОВА,ЦВЕТКОВА,ЦВЕТКОВА,ЦВЕТКОВА,0,0.000000,0.000000,1,
passport_0036_seedream.png,36,firstname,ЖАННА,ЖАННА,ЖАННА,ЖАННА,0,0.000000,0.000000,1,
passport_0036_seedream.png,36,middlename,ДМИТРИЕВНА,ДМИТРИЕВНА,ДМИТРИЕВНА,ДМИТРИЕВНА,0,0.000000,0.000000,1,
passport_0036_seedream.png,36,sex,ЖЕН.,Ж,F,F,0,0.000000,0.000000,1,
passport_0036_seedream.png,36,birth_date,01.07.2000,01.07.2000,01072000,01072000,0,0.000000,0.000000,1,
passport_0036_seedream.png,36,birth_place,Г. РЯЗАНЬ,Г РЯЗАНЬ,Г. РЯЗАНЬ,Г РЯЗАНЬ,1,0.111111,0.111111,0,
passport_0036_seedream.png,36,date_of_issue,24.02.2026,24.02.2026,24022026,24022026,0,0.000000,0.000000,1,
passport_0036_seedream.png,36,department_code,542-442,542-442,542442,542442,0,0.000000,0.000000,1,
passport_0036_seedream.png,36,passport_issued_full,ОУФМС РОССИИ МВД РОССИИ ПО НОВОСИБИРСКОЙ ОБЛ. В КИРОВСКОМ Р-НЕ Г. НОВОСИБИРСКА,ОУФМС РОССИИ МВД РОССИ ПО ПОВОСИНИРСКОЙ ОБЛ В КИРОВСКОМ Р-НЕ ТГ НОВОСИБИРСКА,ОУФМС РОССИИ МВД РОССИИ ПО НОВОСИБИРСКОЙ ОБЛ. В КИРОВСКОМ Р-НЕ Г. НОВОСИБИРСКА,ОУФМС РОССИИ МВД РОССИ ПО ПОВОСИНИРСКОЙ ОБЛ В КИРОВСКОМ Р-НЕ ТГ НОВОСИБИРСКА,6,0.076923,0.076923,0,
passport_0036_seedream.png,36,series_and_number,18 95 446239,18 95 446239,1895446239,1895446239,0,0.000000,0.000000,1,
passport_0037_seedream.png,37,lastname,АБАГЯН,АБАГЯН,АБАГЯН,АБАГЯН,0,0.000000,0.000000,1,
passport_0037_seedream.png,37,firstname,АРИНА,АРИНА,АРИНА,АРИНА,0,0.000000,0.000000,1,
passport_0037_seedream.png,37,middlename,МИХАЙЛОВНА,МИХАЙЛОВНА,МИХАЙЛОВНА,МИХАЙЛОВНА,0,0.000000,0.000000,1,
passport_0037_seedream.png,37,sex,ЖЕН.,Ж,F,F,0,0.000000,0.000000,1,
passport_0037_seedream.png,37,birth_date,17.05.2001,17.05.2001,17052001,17052001,0,0.000000,0.000000,1,
passport_0037_seedream.png,37,birth_place,Г. ВЛАДИВОСТОК,Г ВЛАДИВОСТОК,Г. ВЛАДИВОСТОК,Г ВЛАДИВОСТОК,1,0.071429,0.071429,0,
passport_0037_seedream.png,37,date_of_issue,31.10.2018,31.10.2018,31102018,31102018,0,0.000000,0.000000,1,
passport_0037_seedream.png,37,department_code,022-413,022-413,022413,022413,0,0.000000,0.000000,1,
passport_0037_seedream.png,37,passport_issued_full,ТП УФМС РОССИИ ПО РЕСПУБЛИКЕ БАШКОРТОСТАН В ЛЕНИНСКОМ Р-НЕ,ТП УФМС РОССИИ ЛПО РЕСПУБЛИКЕ БАШКОРТОСТАН В ЛЕНИНСКОМ Р-НЕ,ТП УФМС РОССИИ ПО РЕСПУБЛИКЕ БАШКОРТОСТАН В ЛЕНИНСКОМ Р-НЕ,ТП УФМС РОССИИ ЛПО РЕСПУБЛИКЕ БАШКОРТОСТАН В ЛЕНИНСКОМ Р-НЕ,1,0.017241,0.017241,0,
passport_0037_seedream.png,37,series_and_number,99 47 681343,19 94 716813,9947681343,1994716813,4,0.400000,0.400000,0,
passport_0039_seedream.png,39,lastname,БАГАТУРИА,БАГАТУРИА,БАГАТУРИА,БАГАТУРИА,0,0.000000,0.000000,1,
passport_0039_seedream.png,39,firstname,УСТИНЬЯ,УСТИНЬЯ,УСТИНЬЯ,УСТИНЬЯ,0,0.000000,0.000000,1,
passport_0039_seedream.png,39,middlename,КИРИЛЛОВНА,КИРИЛЛОВНА,КИРИЛЛОВНА,КИРИЛЛОВНА,0,0.000000,0.000000,1,
passport_0039_seedream.png,39,sex,ЖЕН.,Ж,F,F,0,0.000000,0.000000,1,
passport_0039_seedream.png,39,birth_date,15.08.1984,15.08.1984,15081984,15081984,0,0.000000,0.000000,1,
passport_0039_seedream.png,39,birth_place,С. ПОДОЛЬСКОЕ ТВЕРСКОЙ ОБЛ.,С ПОДОЛЬСКОЕ ТВЕРСКОЙ ОБЛ.,С. ПОДОЛЬСКОЕ ТВЕРСКОЙ ОБЛ.,С ПОДОЛЬСКОЕ ТВЕРСКОЙ ОБЛ.,1,0.037037,0.037037,0,
passport_0039_seedream.png,39,date_of_issue,13.03.2008,13.03.2008,13032008,13032008,0,0.000000,0.000000,1,
passport_0039_seedream.png,39,department_code,710-675,710-675,710675,710675,0,0.000000,0.000000,1,
passport_0039_seedream.png,39,passport_issued_full,ОУФМС РОССИИ ПО ТУЛЬСКОЙ ОБЛ. В Г. АЛЕКСИН,ОУФМС РОССИИ ПО ТУЛЬСКОЙ ОБЛ В Г АЛЕКСИН,ОУФМС РОССИИ ПО ТУЛЬСКОЙ ОБЛ. В Г. АЛЕКСИН,ОУФМС РОССИИ ПО ТУЛЬСКОЙ ОБЛ В Г АЛЕКСИН,2,0.047619,0.047619,0,
passport_0039_seedream.png,39,series_and_number,20 46 640490,20 46 640490,2046640490,2046640490,0,0.000000,0.000000,1,
passport_0040_seedream.png,40,lastname,ЗУРАБИШВИЛИ,ЗУРАБИШВИЛИ,ЗУРАБИШВИЛИ,ЗУРАБИШВИЛИ,0,0.000000,0.000000,1,
passport_0040_seedream.png,40,firstname,АЛИСА,АЛИСА,АЛИСА,АЛИСА,0,0.000000,0.000000,1,
passport_0040_seedream.png,40,middlename,ПАВЛОВНА,ПАВЛОВНА,ПАВЛОВНА,ПАВЛОВНА,0,0.000000,0.000000,1,
passport_0040_seedream.png,40,sex,ЖЕН.,Ж,F,F,0,0.000000,0.000000,1,
passport_0040_seedream.png,40,birth_date,22.04.2003,22.04.2003,22042003,22042003,0,0.000000,0.000000,1,
passport_0040_seedream.png,40,birth_place,Г. ОМСК,Г ОМСК,Г. ОМСК,Г ОМСК,1,0.142857,0.142857,0,
passport_0040_seedream.png,40,date_of_issue,10.10.2020,10.10.2020,10102020,10102020,0,0.000000,0.000000,1,
passport_0040_seedream.png,40,department_code,541-026,541-026,541026,541026,0,0.000000,0.000000,1,
passport_0040_seedream.png,40,passport_issued_full,МЕЖРАЙОННЫЙ ОТДЕЛ УФМС ПО НОВОСИБИРСКОЙ ОБЛ. В Г. ИСКИТИМ,МЕКРАЙОННЫЙ ОТДЕЛ УФМС ПО НОВОСИБИРСКОЙ ОБЛ В Г ИСКИТИМ,МЕЖРАЙОННЫЙ ОТДЕЛ УФМС ПО НОВОСИБИРСКОЙ ОБЛ. В Г. ИСКИТИМ,МЕКРАЙОННЫЙ ОТДЕЛ УФМС ПО НОВОСИБИРСКОЙ ОБЛ В Г ИСКИТИМ,3,0.052632,0.052632,0,
passport_0040_seedream.png,40,series_and_number,15 41 598216,15 41 598216,1541598216,1541598216,0,0.000000,0.000000,1,
passport_0041_seedream.png,41,lastname,ГИЛЯЗОВА,ГИЛЯЗОВА,ГИЛЯЗОВА,ГИЛЯЗОВА,0,0.000000,0.000000,1,
passport_0041_seedream.png,41,firstname,ЮЛИЯ,ОЛИЯ,ЮЛИЯ,ОЛИЯ,1,0.250000,0.250000,0,
passport_0041_seedream.png,41,middlename,ЯРОСЛАВОВНА,ЯРОСЛАВОВНА,ЯРОСЛАВОВНА,ЯРОСЛАВОВНА,0,0.000000,0.000000,1,
passport_0041_seedream.png,41,sex,ЖЕН.,Ж,F,F,0,0.000000,0.000000,1,
passport_0041_seedream.png,41,birth_date,19.11.1981,,19111981,,8,1.000000,1.000000,0,
passport_0041_seedream.png,41,birth_place,Г. СОЧИ,Г СОЧИ,Г. СОЧИ,Г СОЧИ,1,0.142857,0.142857,0,
passport_0041_seedream.png,41,date_of_issue,05.08.2004,05.08.2004,05082004,05082004,0,0.000000,0.000000,1,
passport_0041_seedream.png,41,department_code,251-410,251-420,251410,251420,1,0.166667,0.166667,0,
passport_0041_seedream.png,41,passport_issued_full,ОУФМС РОССИИ ПО ПРИМОРСКОМУ КРАЮ В ФРУНЗЕНСКОМ Р-НЕ,ОУФМС РОСИИ ПО ГРИМОРСКОМУКРАЮ В ФРНЗЕНСКОМ РНЕ,ОУФМС РОССИИ ПО ПРИМОРСКОМУ КРАЮ В ФРУНЗЕНСКОМ Р-НЕ,ОУФМС РОСИИ ПО ГРИМОРСКОМУКРАЮ В ФРНЗЕНСКОМ РНЕ,5,0.098039,0.098039,0,
passport_0041_seedream.png,41,series_and_number,41 28 787926,41 28 787926,4128787926,4128787926,0,0.000000,0.000000,1,
passport_0042_seedream.png,42,lastname,КРАУЗЕ,КРАУЗЕ,КРАУЗЕ,КРАУЗЕ,0,0.000000,0.000000,1,
passport_0042_seedream.png,42,firstname,АЙГУЛЬ,АЙГУЛЬ,АЙГУЛЬ,АЙГУЛЬ,0,0.000000,0.000000,1,
passport_0042_seedream.png,42,middlename,ГРИГОРЬЕВНА,ГРИГОРЬЕВНА,ГРИГОРЬЕВНА,ГРИГОРЬЕВНА,0,0.000000,0.000000,1,
passport_0042_seedream.png,42,sex,ЖЕН.,Ж,F,F,0,0.000000,0.000000,1,
passport_0042_seedream.png,42,birth_date,25.02.2004,25.02.2004,25022004,25022004,0,0.000000,0.000000,1,
passport_0042_seedream.png,42,birth_place,Г. ОМСК,Г ОМСК,Г. ОМСК,Г ОМСК,1,0.142857,0.142857,0,
passport_0042_seedream.png,42,date_of_issue,28.11.2022,28.11.2022,28112022,28112022,0,0.000000,0.000000,1,
passport_0042_seedream.png,42,department_code,234-476,234-476,234476,234476,0,0.000000,0.000000,1,
passport_0042_seedream.png,42,passport_issued_full,ОУФМС РОССИИ ПО КРАСНОДАРСКОМУ КРАЮ В Г. АРМАВИР,ОУФМС РОССИИ ПО КРАСНОДАРСКОМУ КРАО В Г АРМАВИР,ОУФМС РОССИИ ПО КРАСНОДАРСКОМУ КРАЮ В Г. АРМАВИР,ОУФМС РОССИИ ПО КРАСНОДАРСКОМУ КРАО В Г АРМАВИР,2,0.041667,0.041667,0,
passport_0042_seedream.png,42,series_and_number,16 81 361303,16 81 361303,1681361303,1681361303,0,0.000000,0.000000,1,
passport_0043_seedream.png,43,lastname,ВОРОНОВА,ВОРОНОВА,ВОРОНОВА,ВОРОНОВА,0,0.000000,0.000000,1,
passport_0043_seedream.png,43,firstname,РАДА,РАДА,РАДА,РАДА,0,0.000000,0.000000,1,
passport_0043_seedream.png,43,middlename,ВЛАДИМИРОВНА,ВЛАДИМИРОВНА,ВЛАДИМИРОВНА,ВЛАДИМИРОВНА,0,0.000000,0.000000,1,
passport_0043_seedream.png,43,sex,ЖЕН.,Ж,F,F,0,0.000000,0.000000,1,
passport_0043_seedream.png,43,birth_date,17.11.1984,17.11.1984,17111984,17111984,0,0.000000,0.000000,1,
passport_0043_seedream.png,43,birth_place,Г. ИРКУТСК,Г ИРКУТСК,Г. ИРКУТСК,Г ИРКУТСК,1,0.100000,0.100000,0,
passport_0043_seedream.png,43,date_of_issue,10.12.2023,10.12.2023,10122023,10122023,0,0.000000,0.000000,1,
passport_0043_seedream.png,43,department_code,641-628,641-628,641628,641628,0,0.000000,0.000000,1,
passport_0043_seedream.png,43,passport_issued_full,ТП УФМС РОССИИ ПО САРАТОВСКОЙ ОБЛ. В Г. ЭНГЕЛЬС,ТП УФМС РОССИИ ПО САРАТОВСКОЙ ОБЛ. В Г ЗНТЕЛЬС,ТП УФМС РОССИИ ПО САРАТОВСКОЙ ОБЛ. В Г. ЭНГЕЛЬС,ТП УФМС РОССИИ ПО САРАТОВСКОЙ ОБЛ. В Г ЗНТЕЛЬС,3,0.063830,0.063830,0,
passport_0043_seedream.png,43,series_and_number,74 64 970914,74 64 970914,7464970914,7464970914,0,0.000000,0.000000,1,
passport_0045_seedream.png,45,lastname,МАНУКЯН,МАНУКЯН,МАНУКЯН,МАНУКЯН,0,0.000000,0.000000,1,
passport_0045_seedream.png,45,firstname,ВЛАДИСЛАВ,ВЛАДИСЛАВ,ВЛАДИСЛАВ,ВЛАДИСЛАВ,0,0.000000,0.000000,1,
passport_0045_seedream.png,45,middlename,ЮРЬЕВИЧ,ЮРЬЕВИЧ,ЮРЬЕВИЧ,ЮРЬЕВИЧ,0,0.000000,0.000000,1,
passport_0045_seedream.png,45,sex,МУЖ.,М,M,M,0,0.000000,0.000000,1,
passport_0045_seedream.png,45,birth_date,11.06.1972,11.06.1972,11061972,11061972,0,0.000000,0.000000,1,
passport_0045_seedream.png,45,birth_place,Г. НОВОСИБИРСК,Г НОВОСИБИРСК,Г. НОВОСИБИРСК,Г НОВОСИБИРСК,1,0.071429,0.071429,0,
passport_0045_seedream.png,45,date_of_issue,30.08.2010,30.08.2010,30082010,30082010,0,0.000000,0.000000,1,
passport_0045_seedream.png,45,department_code,661-237,661-237,661237,661237,0,0.000000,0.000000,1,
passport_0045_seedream.png,45,passport_issued_full,МИГРАЦИОННЫЙ ПУНКТ ПО СВЕРДЛОВСКОЙ ОБЛ. В Г. НОВОУРАЛЬСК,МИГРАЦИОННЫЙ ПУНКТ ПО СВЕРДЛОВСКОЙ ОБЛ В Г НОВОУРАЛЬСК,МИГРАЦИОННЫЙ ПУНКТ ПО СВЕРДЛОВСКОЙ ОБЛ. В Г. НОВОУРАЛЬСК,МИГРАЦИОННЫЙ ПУНКТ ПО СВЕРДЛОВСКОЙ ОБЛ В Г НОВОУРАЛЬСК,2,0.035714,0.035714,0,
passport_0045_seedream.png,45,series_and_number,59 98 260227,59 09 826022,5998260227,5909826022,2,0.200000,0.200000,0,
passport_0046_seedream.png,46,lastname,ПАВЛОВА,ПАВЛОВА,ПАВЛОВА,ПАВЛОВА,0,0.000000,0.000000,1,
passport_0046_seedream.png,46,firstname,МАРФА,МАРФА,МАРФА,МАРФА,0,0.000000,0.000000,1,
passport_0046_seedream.png,46,middlename,ТИМОФЕЕВНА,ТИМОФЕЕВНА,ТИМОФЕЕВНА,ТИМОФЕЕВНА,0,0.000000,0.000000,1,
passport_0046_seedream.png,46,sex,ЖЕН.,Ж,F,F,0,0.000000,0.000000,1,
passport_0046_seedream.png,46,birth_date,15.09.1976,15.09.1976,15091976,15091976,0,0.000000,0.000000,1,
passport_0046_seedream.png,46,birth_place,Г. САНКТ-ПЕТЕРБУРГ,Г САНКТ-ПЕТЕРБУРГ,Г. САНКТ-ПЕТЕРБУРГ,Г САНКТ-ПЕТЕРБУРГ,1,0.055556,0.055556,0,
passport_0046_seedream.png,46,date_of_issue,07.05.2009,07.05.2009,07052009,07052009,0,0.000000,0.000000,1,
passport_0046_seedream.png,46,department_code,543-399,543-399,543399,543399,0,0.000000,0.000000,1,
passport_0046_seedream.png,46,passport_issued_full,ОВМ МВД РОССИИ МВД РОССИИ ПО НОВОСИБИРСКОЙ ОБЛ. В КИРОВСКОМ Р-НЕ Г. НОВОСИБИРСКА,ОВМ МВД РОССИИ МВД РОССИИ ПО НОВОСИБИРСКОЙ ОБЛ В КИРОВСКОМ Р-НЕ Г НОВОСИБИРСКА,ОВМ МВД РОССИИ МВД РОССИИ ПО НОВОСИБИРСКОЙ ОБЛ. В КИРОВСКОМ Р-НЕ Г. НОВОСИБИРСКА,ОВМ МВД РОССИИ МВД РОССИИ ПО НОВОСИБИРСКОЙ ОБЛ В КИРОВСКОМ Р-НЕ Г НОВОСИБИРСКА,2,0.025000,0.025000,0,
passport_0046_seedream.png,46,series_and_number,84 99 120480,84 19 912048,8499120480,8419912048,2,0.200000,0.200000,0,
passport_0048_seedream.png,48,lastname,КРЮКОВ,КРОКОВ,КРЮКОВ,КРОКОВ,1,0.166667,0.166667,0,
passport_0048_seedream.png,48,firstname,КУЗЬМА,КУЗЬМА,КУЗЬМА,КУЗЬМА,0,0.000000,0.000000,1,
passport_0048_seedream.png,48,middlename,ГРИГОРЬЕВИЧ,ГРИГОРЬЕВИЧ,ГРИГОРЬЕВИЧ,ГРИГОРЬЕВИЧ,0,0.000000,0.000000,1,
passport_0048_seedream.png,48,sex,МУЖ.,М,M,M,0,0.000000,0.000000,1,
passport_0048_seedream.png,48,birth_date,11.07.1956,11.07.1956,11071956,11071956,0,0.000000,0.000000,1,
passport_0048_seedream.png,48,birth_place,Г. ТВЕРЬ,ТГ ТВЕРЬ,Г. ТВЕРЬ,ТГ ТВЕРЬ,2,0.250000,0.250000,0,
passport_0048_seedream.png,48,date_of_issue,15.10.2006,15.10.2006,15102006,15102006,0,0.000000,0.000000,1,
passport_0048_seedream.png,48,department_code,163-942,163-942,163942,163942,0,0.000000,0.000000,1,
passport_0048_seedream.png,48,passport_issued_full,ОВМ МВД РОССИИ ПО РЕСП. ТАТАРСТАН В СОВЕТСКОМ Р-НЕ Г. КАЗАНИ,ОВМ МВД ВЬЕЕИИ ПО РЕСП ТАТАРСТАН В СОВЕТСКОМ Р-НЕ Г КАЗАНЙ,ОВМ МВД РОССИИ ПО РЕСП. ТАТАРСТАН В СОВЕТСКОМ Р-НЕ Г. КАЗАНИ,ОВМ МВД ВЬЕЕИИ ПО РЕСП ТАТАРСТАН В СОВЕТСКОМ Р-НЕ Г КАЗАНЙ,7,0.116667,0.116667,0,
passport_0048_seedream.png,48,series_and_number,26 89 660069,26 89 660069,2689660069,2689660069,0,0.000000,0.000000,1,
passport_0049_seedream.png,49,lastname,ПОНОМАРЁВ,ПОНОМАРЕВ,ПОНОМАРЕВ,ПОНОМАРЕВ,0,0.000000,0.000000,1,
passport_0049_seedream.png,49,firstname,АФАНАСИЙ,АФАНАСИЙ,АФАНАСИЙ,АФАНАСИЙ,0,0.000000,0.000000,1,
passport_0049_seedream.png,49,middlename,АНДРЕЕВИЧ,АНДРЕЕВИЧ,АНДРЕЕВИЧ,АНДРЕЕВИЧ,0,0.000000,0.000000,1,
passport_0049_seedream.png,49,sex,МУЖ.,М,M,M,0,0.000000,0.000000,1,
passport_0049_seedream.png,49,birth_date,14.11.1960,14.11.1960,14111960,14111960,0,0.000000,0.000000,1,
passport_0049_seedream.png,49,birth_place,Г. ТОМСК,Г ТОМСК,Г. ТОМСК,Г ТОМСК,1,0.125000,0.125000,0,
passport_0049_seedream.png,49,date_of_issue,13.01.1987,13.01.1987,13011987,13011987,0,0.000000,0.000000,1,
passport_0049_seedream.png,49,department_code,760-052,760-052,760052,760052,0,0.000000,0.000000,1,
passport_0049_seedream.png,49,passport_issued_full,ТП УФМС РОССИИ ПО ЯРОСЛАВСКОЙ ОБЛ. В КИРОВСКОМ Р-НЕ,ТП УФМС РОССИИ ПО ЯРОСЛАВСКОЙ ОБЛ В КИРОВСКОМ Р-НЕ,ТП УФМС РОССИИ ПО ЯРОСЛАВСКОЙ ОБЛ. В КИРОВСКОМ Р-НЕ,ТП УФМС РОССИИ ПО ЯРОСЛАВСКОЙ ОБЛ В КИРОВСКОМ Р-НЕ,1,0.019608,0.019608,0,
passport_0049_seedream.png,49,series_and_number,43 58 443254,43 58 443254,4358443254,4358443254,0,0.000000,0.000000,1,
passport_0050_seedream.png,50,lastname,ХОХЛОВ,ХОХЛОВ,ХОХЛОВ,ХОХЛОВ,0,0.000000,0.000000,1,
passport_0050_seedream.png,50,firstname,ТИМОФЕЙ,ТИМОФЕЙ,ТИМОФЕЙ,ТИМОФЕЙ,0,0.000000,0.000000,1,
passport_0050_seedream.png,50,middlename,ГРАНТОВИЧ,ГРАНТОВИЧ,ГРАНТОВИЧ,ГРАНТОВИЧ,0,0.000000,0.000000,1,
passport_0050_seedream.png,50,sex,МУЖ.,М,M,M,0,0.000000,0.000000,1,
passport_0050_seedream.png,50,birth_date,09.07.1972,09.07.1972,09071972,09071972,0,0.000000,0.000000,1,
passport_0050_seedream.png,50,birth_place,Г. НОВОСИБИРСК,Г НОВОСИБИРСК,Г. НОВОСИБИРСК,Г НОВОСИБИРСК,1,0.071429,0.071429,0,
passport_0050_seedream.png,50,date_of_issue,18.12.2023,18.12.2023,18122023,18122023,0,0.000000,0.000000,1,
passport_0050_seedream.png,50,department_code,710-768,710-768,710768,710768,0,0.000000,0.000000,1,
passport_0050_seedream.png,50,passport_issued_full,ОТДЕЛ УФМС РОССИИ ПО ТУЛЬСКОЙ ОБЛ. В ПРОЛЕТАРСКОМ Р-НЕ Г. ТУЛЫ,ОТДЕЛ УФМС РОССИИ ПО ТУЛЬСКОЙ ОБЛ В ПРОЛЕТАРСКОМ Р-НЕ Г ТУДЫ,ОТДЕЛ УФМС РОССИИ ПО ТУЛЬСКОЙ ОБЛ. В ПРОЛЕТАРСКОМ Р-НЕ Г. ТУЛЫ,ОТДЕЛ УФМС РОССИИ ПО ТУЛЬСКОЙ ОБЛ В ПРОЛЕТАРСКОМ Р-НЕ Г ТУДЫ,3,0.048387,0.048387,0,
passport_0050_seedream.png,50,series_and_number,79 16 466960,79 16 466960,7916466960,7916466960,0,0.000000,0.000000,1,
passport_0051_seedream.png,51,lastname,КОЗЛОВ,КОЗЛОВ,КОЗЛОВ,КОЗЛОВ,0,0.000000,0.000000,1,
passport_0051_seedream.png,51,firstname,ПАША,ПАША,ПАША,ПАША,0,0.000000,0.000000,1,
passport_0051_seedream.png,51,middlename,ПАВЛОВИЧ,ПАВЛОВИЧ,ПАВЛОВИЧ,ПАВЛОВИЧ,0,0.000000,0.000000,1,
passport_0051_seedream.png,51,sex,МУЖ.,М,M,M,0,0.000000,0.000000,1,
passport_0051_seedream.png,51,birth_date,08.01.2003,08.01.2003,08012003,08012003,0,0.000000,0.000000,1,
passport_0051_seedream.png,51,birth_place,Г. ПЕНЗА,Г ПЕНЗА,Г. ПЕНЗА,Г ПЕНЗА,1,0.125000,0.125000,0,
passport_0051_seedream.png,51,date_of_issue,31.03.2019,B1.03.2019,31032019,1032019,1,0.125000,0.125000,0,
passport_0051_seedream.png,51,department_code,772-245,772-245,772245,772245,0,0.000000,0.000000,1,
passport_0051_seedream.png,51,passport_issued_full,ТП УФМС РОССИИ ПО Г. МОСКВЕ ПО РАЙОНУ КУНЦЕВО,РОССИИ У КУНЦЕВО,ТП УФМС РОССИИ ПО Г. МОСКВЕ ПО РАЙОНУ КУНЦЕВО,РОССИИ У КУНЦЕВО,29,0.644444,0.644444,0,
passport_0051_seedream.png,51,series_and_number,26 70 801978,26 70 801978,2670801978,2670801978,0,0.000000,0.000000,1,
passport_0052_seedream.png,52,lastname,НАСРУЛЛАЕВ,НАСРУЛЛАЕВ,НАСРУЛЛАЕВ,НАСРУЛЛАЕВ,0,0.000000,0.000000,1,
passport_0052_seedream.png,52,firstname,НИКИТА,НИКИТА,НИКИТА,НИКИТА,0,0.000000,0.000000,1,
passport_0052_seedream.png,52,middlename,ЭДУАРДОВИЧ,ЭДУАРДОВИЧ,ЭДУАРДОВИЧ,ЭДУАРДОВИЧ,0,0.000000,0.000000,1,
passport_0052_seedream.png,52,sex,МУЖ.,М,M,M,0,0.000000,0.000000,1,
passport_0052_seedream.png,52,birth_date,25.05.1999,25.05.1999,25051999,25051999,0,0.000000,0.000000,1,
passport_0052_seedream.png,52,birth_place,Г. НИЖНИЙ НОВГОРОД,Г НИЖНИЙ НОВГОРОД,Г. НИЖНИЙ НОВГОРОД,Г НИЖНИЙ НОВГОРОД,1,0.055556,0.055556,0,
passport_0052_seedream.png,52,date_of_issue,28.08.2021,28.08.2021,28082021,28082021,0,0.000000,0.000000,1,
passport_0052_seedream.png,52,department_code,501-988,501-988,501988,501988,0,0.000000,0.000000,1,
passport_0052_seedream.png,52,passport_issued_full,МИГРАЦИОННЫЙ ПУНКТ ПО МОСКОВСКОЙ ОБЛ. В Г. ОРЕХОВО-ЗУЕВО,МИГРАИОНЫЙ ЛПУРНКТГ ПО МОСКОВСКОЙ ОЛ В Г ОРЕОВО-УЕО,МИГРАЦИОННЫЙ ПУНКТ ПО МОСКОВСКОЙ ОБЛ. В Г. ОРЕХОВО-ЗУЕВО,МИГРАИОНЫЙ ЛПУРНКТГ ПО МОСКОВСКОЙ ОЛ В Г ОРЕОВО-УЕО,11,0.196429,0.196429,0,
passport_0052_seedream.png,52,series_and_number,49 23 706794,49 23 706794,4923706794,4923706794,0,0.000000,0.000000,1,
passport_0053_seedream.png,53,lastname,РЫБАКОВ,РЫБАКОВ,РЫБАКОВ,РЫБАКОВ,0,0.000000,0.000000,1,
passport_0053_seedream.png,53,firstname,АВВАКУМ,АВВАКУМ,АВВАКУМ,АВВАКУМ,0,0.000000,0.000000,1,
passport_0053_seedream.png,53,middlename,ГРАНТОВИЧ,ГРАНТОВИЧ,ГРАНТОВИЧ,ГРАНТОВИЧ,0,0.000000,0.000000,1,
passport_0053_seedream.png,53,sex,МУЖ.,М,M,M,0,0.000000,0.000000,1,
passport_0053_seedream.png,53,birth_date,07.12.1980,07.12.1980,07121980,07121980,0,0.000000,0.000000,1,
passport_0053_seedream.png,53,birth_place,Г. ЯРОСЛАВЛЬ,Г ЯРОСЛАВЛЬ,Г. ЯРОСЛАВЛЬ,Г ЯРОСЛАВЛЬ,1,0.083333,0.083333,0,
passport_0053_seedream.png,53,date_of_issue,02.05.1998,02.05.1998,02051998,02051998,0,0.000000,0.000000,1,
passport_0053_seedream.png,53,department_code,610-714,610-714,610714,610714,0,0.000000,0.000000,1,
passport_0053_seedream.png,53,passport_issued_full,ОВМ МВД РОССИИ ПО РОСТОВСКОЙ ОБЛАСТИ В Г. БАТАЙСК,ОВМ МВД РОССИИ ПО РОСТОВСКОЙ ОБЛАСТИ В Г БАТАЙСК,ОВМ МВД РОССИИ ПО РОСТОВСКОЙ ОБЛАСТИ В Г. БАТАЙСК,ОВМ МВД РОССИИ ПО РОСТОВСКОЙ ОБЛАСТИ В Г БАТАЙСК,1,0.020408,0.020408,0,
passport_0053_seedream.png,53,series_and_number,48 97 729577,48 97 729577,4897729577,4897729577,0,0.000000,0.000000,1,
passport_0054_seedream.jpeg,54,lastname,ШАКИРОВА,ШАКИРОВА,ШАКИРОВА,ШАКИРОВА,0,0.000000,0.000000,1,
passport_0054_seedream.jpeg,54,firstname,ЗИНАИДА,ЗИНАИДА,ЗИНАИДА,ЗИНАИДА,0,0.000000,0.000000,1,
passport_0054_seedream.jpeg,54,middlename,САИДОВНА,САИДОВНА,САИДОВНА,САИДОВНА,0,0.000000,0.000000,1,
passport_0054_seedream.jpeg,54,sex,ЖЕН.,Ж,F,F,0,0.000000,0.000000,1,
passport_0054_seedream.jpeg,54,birth_date,18.06.1957,18.06.1957,18061957,18061957,0,0.000000,0.000000,1,
passport_0054_seedream.jpeg,54,birth_place,Г. ВЛАДИВОСТОК,Г ВЛАДИВОСТОК,Г. ВЛАДИВОСТОК,Г ВЛАДИВОСТОК,1,0.071429,0.071429,0,
passport_0054_seedream.jpeg,54,date_of_issue,19.11.2009,19.11.2009,19112009,19112009,0,0.000000,0.000000,1,
passport_0054_seedream.jpeg,54,department_code,380-519,380-519,380519,380519,0,0.000000,0.000000,1,
passport_0054_seedream.jpeg,54,passport_issued_full,ОУФМС РОССИИ ПО ИРКУТСКОЙ ОБЛ. В Г. АНГАРСК,ОУФМС РОССИИ ПО ИРКУТСКОЙ ОБЛ В Г АНГАРСК,ОУФМС РОССИИ ПО ИРКУТСКОЙ ОБЛ. В Г. АНГАРСК,ОУФМС РОССИИ ПО ИРКУТСКОЙ ОБЛ В Г АНГАРСК,2,0.046512,0.046512,0,
passport_0054_seedream.jpeg,54,series_and_number,92 53 113266,92 53 113266,9253113266,9253113266,0,0.000000,0.000000,1,
passport_0055_seedream.png,55,lastname,УМЕРОВА,УМЕРОВА,УМЕРОВА,УМЕРОВА,0,0.000000,0.000000,1,
passport_0055_seedream.png,55,firstname,ФЁКЛА,ФЕКЛА,ФЕКЛА,ФЕКЛА,0,0.000000,0.000000,1,
passport_0055_seedream.png,55,middlename,НИКОЛАЕВНА,НИКОЛАЕВНА,НИКОЛАЕВНА,НИКОЛАЕВНА,0,0.000000,0.000000,1,
passport_0055_seedream.png,55,sex,ЖЕН.,Ж,F,F,0,0.000000,0.000000,1,
passport_0055_seedream.png,55,birth_date,21.06.1982,121.06.1982,21061982,121061982,1,0.125000,0.125000,0,
passport_0055_seedream.png,55,birth_place,Г. СОЧИ,Г СОЧИ,Г. СОЧИ,Г СОЧИ,1,0.142857,0.142857,0,
passport_0055_seedream.png,55,date_of_issue,30.01.2017,30.01.2017,30012017,30012017,0,0.000000,0.000000,1,
passport_0055_seedream.png,55,department_code,163-181,163-181,163181,163181,0,0.000000,0.000000,1,
passport_0055_seedream.png,55,passport_issued_full,ОУФМС РОССИИ ПО РТ В ВАХИТОВСКОМ Р-НЕ Г. КАЗАНИ,ОУФМС РОССИИ ПО РТ В БАХИТОВСКОМ Р-НЕ Г КАЗАНЙ,ОУФМС РОССИИ ПО РТ В ВАХИТОВСКОМ Р-НЕ Г. КАЗАНИ,ОУФМС РОССИИ ПО РТ В БАХИТОВСКОМ Р-НЕ Г КАЗАНЙ,3,0.063830,0.063830,0,
passport_0055_seedream.png,55,series_and_number,76 93 383201,76 93 383201,7693383201,7693383201,0,0.000000,0.000000,1,
passport_0056_seedream.png,56,lastname,АЛИЕВА,АЛИЕВА,АЛИЕВА,АЛИЕВА,0,0.000000,0.000000,1,
passport_0056_seedream.png,56,firstname,ВИОЛЕТТА,ВИОЛЕТТА,ВИОЛЕТТА,ВИОЛЕТТА,0,0.000000,0.000000,1,
passport_0056_seedream.png,56,middlename,ИСЛАМОВНА,ИСЛАМОВНА,ИСЛАМОВНА,ИСЛАМОВНА,0,0.000000,0.000000,1,
passport_0056_seedream.png,56,sex,ЖЕН.,Ж,F,F,0,0.000000,0.000000,1,
passport_0056_seedream.png,56,birth_date,14.08.1985,14.08.1985,14081985,14081985,0,0.000000,0.000000,1,
passport_0056_seedream.png,56,birth_place,Г. РОСТОВ-НА-ДОНУ,Г РОСТОВ-НА-ДОНУ,Г. РОСТОВ-НА-ДОНУ,Г РОСТОВ-НА-ДОНУ,1,0.058824,0.058824,0,
passport_0056_seedream.png,56,date_of_issue,09.03.2026,09.03.2026,09032026,09032026,0,0.000000,0.000000,1,
passport_0056_seedream.png,56,department_code,640-851,640-851,640851,640851,0,0.000000,0.000000,1,
passport_0056_seedream.png,56,passport_issued_full,МЕЖРАЙОННЫЙ ОТДЕЛ УФМС ПО САРАТОВСКОЙ ОБЛАСТИ В Г. БАЛАКОВО,МЕКРАЙОННБЙ ОТДЕЛ УФМС ПО САРАГОВСКОЙ ОБЛАСТИ В Г БАЛАКОВО,МЕЖРАЙОННЫЙ ОТДЕЛ УФМС ПО САРАТОВСКОЙ ОБЛАСТИ В Г. БАЛАКОВО,МЕКРАЙОННБЙ ОТДЕЛ УФМС ПО САРАГОВСКОЙ ОБЛАСТИ В Г БАЛАКОВО,4,0.067797,0.067797,0,
passport_0056_seedream.png,56,series_and_number,21 45 572700,21 45 572700,2145572700,2145572700,0,0.000000,0.000000,1,
passport_0057_seedream.png,57,lastname,ЛАЗАРЕНКО,ЛАЗАРЕНКО,ЛАЗАРЕНКО,ЛАЗАРЕНКО,0,0.000000,0.000000,1,
passport_0057_seedream.png,57,firstname,ЯКОВ,ЯКОВ,ЯКОВ,ЯКОВ,0,0.000000,0.000000,1,
passport_0057_seedream.png,57,middlename,ГРАНТОВИЧ,ГРАНТОВИЧ,ГРАНТОВИЧ,ГРАНТОВИЧ,0,0.000000,0.000000,1,
passport_0057_seedream.png,57,sex,МУЖ.,М,M,M,0,0.000000,0.000000,1,
passport_0057_seedream.png,57,birth_date,16.01.1976,16.01.1976,16011976,16011976,0,0.000000,0.000000,1,
passport_0057_seedream.png,57,birth_place,Г. НИЖНИЙ НОВГОРОД,Г НИЖНИЙ НОВГОРОД,Г. НИЖНИЙ НОВГОРОД,Г НИЖНИЙ НОВГОРОД,1,0.055556,0.055556,0,
passport_0057_seedream.png,57,date_of_issue,11.08.2004,11.08.2004,11082004,11082004,0,0.000000,0.000000,1,
passport_0057_seedream.png,57,department_code,420-364,420-364,420364,420364,0,0.000000,0.000000,1,
passport_0057_seedream.png,57,passport_issued_full,МИГРАЦИОННЫЙ ПУНКТ ПО КЕМЕРОВСКОЙ ОБЛ. В ЛЕНИНСКОМ Р-НЕ,МИТРАЦИОННЫЙ ЛПУЯКТ ПО КЕМЕРОВСКОЙ ОБЛ В ЛЕНИНСКОМ РНЕ,МИГРАЦИОННЫЙ ПУНКТ ПО КЕМЕРОВСКОЙ ОБЛ. В ЛЕНИНСКОМ Р-НЕ,МИТРАЦИОННЫЙ ЛПУЯКТ ПО КЕМЕРОВСКОЙ ОБЛ В ЛЕНИНСКОМ РНЕ,5,0.090909,0.090909,0,
passport_0057_seedream.png,57,series_and_number,43 53 393243,43 53 393243,4353393243,4353393243,0,0.000000,0.000000,1,
passport_0058_seedream.png,58,lastname,ГАСПАРЯН,ГАСПАРЯН,ГАСПАРЯН,ГАСПАРЯН,0,0.000000,0.000000,1,
passport_0058_seedream.png,58,firstname,МАРГАРИТА,МАРГАРИТА,МАРГАРИТА,МАРГАРИТА,0,0.000000,0.000000,1,
passport_0058_seedream.png,58,middlename,МАРКОВНА,МАРКОВНА,МАРКОВНА,МАРКОВНА,0,0.000000,0.000000,1,
passport_0058_seedream.png,58,sex,ЖЕН.,Ж,F,F,0,0.000000,0.000000,1,
passport_0058_seedream.png,58,birth_date,07.09.1955,07.09.1955,07091955,07091955,0,0.000000,0.000000,1,
passport_0058_seedream.png,58,birth_place,Г. ОМСК,Г ОМСК,Г. ОМСК,Г ОМСК,1,0.142857,0.142857,0,
passport_0058_seedream.png,58,date_of_issue,09.05.1977,09.05.1977,09051977,09051977,0,0.000000,0.000000,1,
passport_0058_seedream.png,58,department_code,023-569,023-569,023569,023569,0,0.000000,0.000000,1,
passport_0058_seedream.png,58,passport_issued_full,ОТДЕЛ УФМС РОССИИ ПО РЕСПУБЛИКЕ БАШКОРТОСТАН В ЛЕНИНСКОМ Р-НЕ,ОТДЕЛ УФМС РОССИИ ПО РСПТУБЛИКЕ БАШКОРТОСТАН В ЛЕНИНСКОМ Р-НЕ,ОТДЕЛ УФМС РОССИИ ПО РЕСПУБЛИКЕ БАШКОРТОСТАН В ЛЕНИНСКОМ Р-НЕ,ОТДЕЛ УФМС РОССИИ ПО РСПТУБЛИКЕ БАШКОРТОСТАН В ЛЕНИНСКОМ Р-НЕ,2,0.032787,0.032787,0,
passport_0058_seedream.png,58,series_and_number,40 98 599219,40 98 599219,4098599219,4098599219,0,0.000000,0.000000,1,
passport_0059_seedream.png,59,lastname,ЯРМОЛЕНКО,ЯРМОЛЕНКО,ЯРМОЛЕНКО,ЯРМОЛЕНКО,0,0.000000,0.000000,1,
passport_0059_seedream.png,59,firstname,ПРАСКОВЬЯ,ПРАСКОВЬЯ,ПРАСКОВЬЯ,ПРАСКОВЬЯ,0,0.000000,0.000000,1,
passport_0059_seedream.png,59,middlename,САИДОВНА,САИДОВНА,САИДОВНА,САИДОВНА,0,0.000000,0.000000,1,
passport_0059_seedream.png,59,sex,ЖЕН.,Ж,F,F,0,0.000000,0.000000,1,
passport_0059_seedream.png,59,birth_date,10.02.1956,10.02.1956,10021956,10021956,0,0.000000,0.000000,1,
passport_0059_seedream.png,59,birth_place,Г. ПЕРМЬ,Г ПЕРМЬ,Г. ПЕРМЬ,Г ПЕРМЬ,1,0.125000,0.125000,0,
passport_0059_seedream.png,59,date_of_issue,24.12.1989,24.12.1989,24121989,24121989,0,0.000000,0.000000,1,
passport_0059_seedream.png,59,department_code,592-680,592-680,592680,592680,0,0.000000,0.000000,1,
passport_0059_seedream.png,59,passport_issued_full,ОТДЕЛ УФМС РОССИИ ПО ПЕРМСКОМУ КРАЮ В КИРОВСКОМ Р-НЕ,ОТДЕЛ УФМС РОССИИ ПО ПЕРМСКОМУ КРАЮ В КИРОВСКОМ Р-НЕ,ОТДЕЛ УФМС РОССИИ ПО ПЕРМСКОМУ КРАЮ В КИРОВСКОМ Р-НЕ,ОТДЕЛ УФМС РОССИИ ПО ПЕРМСКОМУ КРАЮ В КИРОВСКОМ Р-НЕ,0,0.000000,0.000000,1,
passport_0059_seedream.png,59,series_and_number,84 57 596249,84 57 596249,8457596249,8457596249,0,0.000000,0.000000,1,
passport_0060_seedream.png,60,lastname,БАРСУКОВ,БАРСУКОВ,БАРСУКОВ,БАРСУКОВ,0,0.000000,0.000000,1,
passport_0060_seedream.png,60,firstname,КАПИТОН,КАПИТОН,КАПИТОН,КАПИТОН,0,0.000000,0.000000,1,
passport_0060_seedream.png,60,middlename,ФИЛИППОВИЧ,ФИЛИППОВИЧ,ФИЛИППОВИЧ,ФИЛИППОВИЧ,0,0.000000,0.000000,1,
passport_0060_seedream.png,60,sex,МУЖ.,М,M,M,0,0.000000,0.000000,1,
passport_0060_seedream.png,60,birth_date,23.06.1976,23.06.1976,23061976,23061976,0,0.000000,0.000000,1,
passport_0060_seedream.png,60,birth_place,Г. РОСТОВ-НА-ДОНУ,Г РОСТОВ-НА-ДОНУ,Г. РОСТОВ-НА-ДОНУ,Г РОСТОВ-НА-ДОНУ,1,0.058824,0.058824,0,
passport_0060_seedream.png,60,date_of_issue,27.10.2010,27.10.2010,27102010,27102010,0,0.000000,0.000000,1,
passport_0060_seedream.png,60,department_code,341-237,341-237,341237,341237,0,0.000000,0.000000,1,
passport_0060_seedream.png,60,passport_issued_full,ОУФМС РОССИИ ПО ВОЛГОГРАДСКОЙ ОБЛАСТИ В Г. ВОЛЖСКИЙ,ОУФМС РОССИИ ПО ВОЛГОГРАДСКОЙ ОБЛАСТИ В Г ВОЛЖСКИЙ,ОУФМС РОССИИ ПО ВОЛГОГРАДСКОЙ ОБЛАСТИ В Г. ВОЛЖСКИЙ,ОУФМС РОССИИ ПО ВОЛГОГРАДСКОЙ ОБЛАСТИ В Г ВОЛЖСКИЙ,1,0.019608,0.019608,0,
passport_0060_seedream.png,60,series_and_number,25 34 430876,25 34 430876,2534430876,2534430876,0,0.000000,0.000000,1,
passport_0061_seedream.png,61,lastname,ХОМЕНКО,ХОМЕНКО,ХОМЕНКО,ХОМЕНКО,0,0.000000,0.000000,1,
passport_0061_seedream.png,61,firstname,ГРАНТ,ГРАНТ,ГРАНТ,ГРАНТ,0,0.000000,0.000000,1,
passport_0061_seedream.png,61,middlename,МАКСИМОВИЧ,МАКСИМОВИЧ,МАКСИМОВИЧ,МАКСИМОВИЧ,0,0.000000,0.000000,1,
passport_0061_seedream.png,61,sex,МУЖ.,М,M,M,0,0.000000,0.000000,1,
passport_0061_seedream.png,61,birth_date,24.04.1967,24.04.1967,24041967,24041967,0,0.000000,0.000000,1,
passport_0061_seedream.png,61,birth_place,Г. РОСТОВ-НА-ДОНУ,Г РОСТОВ-НА-ДОНУ,Г. РОСТОВ-НА-ДОНУ,Г РОСТОВ-НА-ДОНУ,1,0.058824,0.058824,0,
passport_0061_seedream.png,61,date_of_issue,27.09.2024,27.09.2024,27092024,27092024,0,0.000000,0.000000,1,
passport_0061_seedream.png,61,department_code,360-853,360-853,360853,360853,0,0.000000,0.000000,1,
passport_0061_seedream.png,61,passport_issued_full,МИГРАЦИОННЫЙ ПУНКТ ПО ВОРОНЕЖСКОЙ ОБЛ. В Г. ЛИСКИ,МИГРАЦИОННЫЙ ПУНКГ ПО ВОРОНЕКСКОЙ ОБ В Г ЛИСКИ,МИГРАЦИОННЫЙ ПУНКТ ПО ВОРОНЕЖСКОЙ ОБЛ. В Г. ЛИСКИ,МИГРАЦИОННЫЙ ПУНКГ ПО ВОРОНЕКСКОЙ ОБ В Г ЛИСКИ,5,0.102041,0.102041,0,
passport_0061_seedream.png,61,series_and_number,34 47 338533,34 47 338533,3447338533,3447338533,0,0.000000,0.000000,1,
passport_0062_seedream.png,62,lastname,ПОДШИВАЛОВ,ТОДШИВАДВ,ПОДШИВАЛОВ,ТОДШИВАДВ,3,0.300000,0.300000,0,
passport_0062_seedream.png,62,firstname,СЕРГЕЙ,СЕРГЕЙ,СЕРГЕЙ,СЕРГЕЙ,0,0.000000,0.000000,1,
passport_0062_seedream.png,62,middlename,САВЕЛЬЕВИЧ,САВЕЛЬЕВИЧ,САВЕЛЬЕВИЧ,САВЕЛЬЕВИЧ,0,0.000000,0.000000,1,
passport_0062_seedream.png,62,sex,МУЖ.,М,M,M,0,0.000000,0.000000,1,
passport_0062_seedream.png,62,birth_date,02.05.1963,02.05.1963,02051963,02051963,0,0.000000,0.000000,1,
passport_0062_seedream.png,62,birth_place,Г. ТУЛА,Г ТУЛА,Г. ТУЛА,Г ТУЛА,1,0.142857,0.142857,0,
passport_0062_seedream.png,62,date_of_issue,19.03.1982,19.03.1982,19031982,19031982,0,0.000000,0.000000,1,
passport_0062_seedream.png,62,department_code,241-654,241-654,241654,241654,0,0.000000,0.000000,1,
passport_0062_seedream.png,62,passport_issued_full,ОУФМС РОССИИ ПО КРАСНОЯРСКОМУ КРАЮ И ТАЙМЫРУ В Г. ЖЕЛЕЗНОГОРСК,ОУФМС РОССИИ ПО КРАСНОЯРСКОМУ КРАЮ И ТАЙМЫРУ В Г. ЖЕЛЕЗНОГОРСК,ОУФМС РОССИИ ПО КРАСНОЯРСКОМУ КРАЮ И ТАЙМЫРУ В Г. ЖЕЛЕЗНОГОРСК,ОУФМС РОССИИ ПО КРАСНОЯРСКОМУ КРАЮ И ТАЙМЫРУ В Г. ЖЕЛЕЗНОГОРСК,0,0.000000,0.000000,1,
passport_0062_seedream.png,62,series_and_number,72 23 112861,72 23 112861,7223112861,7223112861,0,0.000000,0.000000,1,
passport_0063_seedream.png,63,lastname,ОЛИЙНИК,ОЛИЙНИК,ОЛИЙНИК,ОЛИЙНИК,0,0.000000,0.000000,1,
passport_0063_seedream.png,63,firstname,ОСТАП,ОСТАП,ОСТАП,ОСТАП,0,0.000000,0.000000,1,
passport_0063_seedream.png,63,middlename,ИСЛАМОВИЧ,ИСЛАМОВИЧ,ИСЛАМОВИЧ,ИСЛАМОВИЧ,0,0.000000,0.000000,1,
passport_0063_seedream.png,63,sex,МУЖ.,М,M,M,0,0.000000,0.000000,1,
passport_0063_seedream.png,63,birth_date,02.03.1976,02.03.1976,02031976,02031976,0,0.000000,0.000000,1,
passport_0063_seedream.png,63,birth_place,Г. ТОМСК,Г ТОМСК,Г. ТОМСК,Г ТОМСК,1,0.125000,0.125000,0,
passport_0063_seedream.png,63,date_of_issue,25.06.2001,25.06.2001,25062001,25062001,0,0.000000,0.000000,1,
passport_0063_seedream.png,63,department_code,710-842,710-842,710842,710842,0,0.000000,0.000000,1,
passport_0063_seedream.png,63,passport_issued_full,ОВМ МВД РОССИИ ПО ТУЛЬСКОЙ ОБЛ. В СОВЕТСКОМ Р-НЕ,ОВМ МВД РОССИИ ПО ТУДЬСКОЙ ОБЛ В СОВЕТСКОМ Р-НЕ,ОВМ МВД РОССИИ ПО ТУЛЬСКОЙ ОБЛ. В СОВЕТСКОМ Р-НЕ,ОВМ МВД РОССИИ ПО ТУДЬСКОЙ ОБЛ В СОВЕТСКОМ Р-НЕ,2,0.041667,0.041667,0,
passport_0063_seedream.png,63,series_and_number,18 61 615633,18 61 615633,1861615633,1861615633,0,0.000000,0.000000,1,
passport_0064_seedream.png,64,lastname,НАНИТАШВИЛИ,НАНИТАШВИЛИ,НАНИТАШВИЛИ,НАНИТАШВИЛИ,0,0.000000,0.000000,1,
passport_0064_seedream.png,64,firstname,ТРОФИМ,ТРОФИМ,ТРОФИМ,ТРОФИМ,0,0.000000,0.000000,1,
passport_0064_seedream.png,64,middlename,НИКОЛАЕВИЧ,НИКОЛАЕВИЧ,НИКОЛАЕВИЧ,НИКОЛАЕВИЧ,0,0.000000,0.000000,1,
passport_0064_seedream.png,64,sex,МУЖ.,М,M,M,0,0.000000,0.000000,1,
passport_0064_seedream.png,64,birth_date,26.03.1964,26.03.1964,26031964,26031964,0,0.000000,0.000000,1,
passport_0064_seedream.png,64,birth_place,Г. НОВОСИБИРСК,Г НОВОСИБИРСК,Г. НОВОСИБИРСК,Г НОВОСИБИРСК,1,0.071429,0.071429,0,
passport_0064_seedream.png,64,date_of_issue,25.06.2005,25.06.2005,25062005,25062005,0,0.000000,0.000000,1,
passport_0064_seedream.png,64,department_code,590-572,590-572,590572,590572,0,0.000000,0.000000,1,
passport_0064_seedream.png,64,passport_issued_full,ОУФМС РОССИИ ПО ПЕРМСКОМУ КРАЮ В Г. СОЛИКАМСК,ОУФМС РОССИИ ПО ПЕРМСКОМУ КРАО В Г СОЛИКАМСК,ОУФМС РОССИИ ПО ПЕРМСКОМУ КРАЮ В Г. СОЛИКАМСК,ОУФМС РОССИИ ПО ПЕРМСКОМУ КРАО В Г СОЛИКАМСК,2,0.044444,0.044444,0,
passport_0064_seedream.png,64,series_and_number,63 87 725084,63 87 725084,6387725084,6387725084,0,0.000000,0.000000,1,
passport_0065_seedream.png,65,lastname,ГОЛОВАЧЁВА,ГОЛОВАЧЕВА,ГОЛОВАЧЕВА,ГОЛОВАЧЕВА,0,0.000000,0.000000,1,
passport_0065_seedream.png,65,firstname,ЗАРИНА,ЗАРИНА,ЗАРИНА,ЗАРИНА,0,0.000000,0.000000,1,
passport_0065_seedream.png,65,middlename,ГЕОРГИЕВНА,ГЕОРГИЕВНА,ГЕОРГИЕВНА,ГЕОРГИЕВНА,0,0.000000,0.000000,1,
passport_0065_seedream.png,65,sex,ЖЕН.,Ж,F,F,0,0.000000,0.000000,1,
passport_0065_seedream.png,65,birth_date,15.08.1979,15.08.1979,15081979,15081979,0,0.000000,0.000000,1,
passport_0065_seedream.png,65,birth_place,Г. ТОМСК,Г ТОМСК,Г. ТОМСК,Г ТОМСК,1,0.125000,0.125000,0,
passport_0065_seedream.png,65,date_of_issue,12.12.2006,12.12.2006,12122006,12122006,0,0.000000,0.000000,1,
passport_0065_seedream.png,65,department_code,051-583,051-583,051583,051583,0,0.000000,0.000000,1,
passport_0065_seedream.png,65,passport_issued_full,ОВМ МВД РОССИИ ПО РЕСПУБЛИКЕ ДАГЕСТАН В Г. ХАСАВЮРТ,ОВМ МВД РОССИИ ПО РЕСПУБЛИКЕ ДАГЕСТАН В Г ХАСАВОРТ,ОВМ МВД РОССИИ ПО РЕСПУБЛИКЕ ДАГЕСТАН В Г. ХАСАВЮРТ,ОВМ МВД РОССИИ ПО РЕСПУБЛИКЕ ДАГЕСТАН В Г ХАСАВОРТ,2,0.039216,0.039216,0,
passport_0065_seedream.png,65,series_and_number,89 17 739244,88 17 73924,8917739244,881773924,2,0.200000,0.200000,0,
passport_0066_seedream.png,66,lastname,ЗАЙЦЕВА,ЗАЙЦЕВА,ЗАЙЦЕВА,ЗАЙЦЕВА,0,0.000000,0.000000,1,
passport_0066_seedream.png,66,firstname,ГУЗЕЛЬ,ГУЗЕЛЬ,ГУЗЕЛЬ,ГУЗЕЛЬ,0,0.000000,0.000000,1,
passport_0066_seedream.png,66,middlename,БОРИСОВНА,БОРИСОВНА,БОРИСОВНА,БОРИСОВНА,0,0.000000,0.000000,1,
passport_0066_seedream.png,66,sex,ЖЕН.,Ж,F,F,0,0.000000,0.000000,1,
passport_0066_seedream.png,66,birth_date,09.04.1995,09.04.1995,09041995,09041995,0,0.000000,0.000000,1,
passport_0066_seedream.png,66,birth_place,Г. НОВОСИБИРСК,Г НОВОСИБИРСК,Г. НОВОСИБИРСК,Г НОВОСИБИРСК,1,0.071429,0.071429,0,
passport_0066_seedream.png,66,date_of_issue,27.01.2024,27.01.2024,27012024,27012024,0,0.000000,0.000000,1,
passport_0066_seedream.png,66,department_code,161-178,161-178,161178,161178,0,0.000000,0.000000,1,
passport_0066_seedream.png,66,passport_issued_full,МЕЖРАЙОННЫЙ ОТДЕЛ УФМС ПО РТ В ПРИВОЛЖСКОМ Р-НЕ,МЕКРАМОННЫЙ ОТДЕЛ УМС ПОРГ В ПРИБОЛЖСКОМ Р-НЕ,МЕЖРАЙОННЫЙ ОТДЕЛ УФМС ПО РТ В ПРИВОЛЖСКОМ Р-НЕ,МЕКРАМОННЫЙ ОТДЕЛ УМС ПОРГ В ПРИБОЛЖСКОМ Р-НЕ,6,0.127660,0.127660,0,
passport_0066_seedream.png,66,series_and_number,80 19 264136,80 19 264136,8019264136,8019264136,0,0.000000,0.000000,1,
passport_0068_seedream.png,68,lastname,КОРНИЛОВ,КОРНИЛОВ,КОРНИЛОВ,КОРНИЛОВ,0,0.000000,0.000000,1,
passport_0068_seedream.png,68,firstname,РУСЛАН,РУСЛАН,РУСЛАН,РУСЛАН,0,0.000000,0.000000,1,
passport_0068_seedream.png,68,middlename,ПЁТРОВИЧ,ПЕТРОВИЧ,ПЕТРОВИЧ,ПЕТРОВИЧ,0,0.000000,0.000000,1,
passport_0068_seedream.png,68,sex,МУЖ.,М,M,M,0,0.000000,0.000000,1,
passport_0068_seedream.png,68,birth_date,18.02.1982,18.02.1982,18021982,18021982,0,0.000000,0.000000,1,
passport_0068_seedream.png,68,birth_place,Г. ХАБАРОВСК,Г ХАБАРОВСК,Г. ХАБАРОВСК,Г ХАБАРОВСК,1,0.083333,0.083333,0,
passport_0068_seedream.png,68,date_of_issue,17.03.2006,,17032006,,8,1.000000,1.000000,0,
passport_0068_seedream.png,68,department_code,162-847,,162847,,6,1.000000,1.000000,0,
passport_0068_seedream.png,68,passport_issued_full,ТП УФМС РОССИИ ПО РЕСПУБЛИКЕ ТАТАРСТАН В Г. ЗЕЛЕНОДОЛЬСК,,ТП УФМС РОССИИ ПО РЕСПУБЛИКЕ ТАТАРСТАН В Г. ЗЕЛЕНОДОЛЬСК,,56,1.000000,1.000000,0,
passport_0068_seedream.png,68,series_and_number,28 19 162535,1,2819162535,1,9,0.900000,0.900000,0,
passport_0069_seedream.png,69,lastname,ПРОХОРОВ,ПРОХОРОВ,ПРОХОРОВ,ПРОХОРОВ,0,0.000000,0.000000,1,
passport_0069_seedream.png,69,firstname,ВЕНИАМИН,ВЕНИАМИН,ВЕНИАМИН,ВЕНИАМИН,0,0.000000,0.000000,1,
passport_0069_seedream.png,69,middlename,ДАВИДОВИЧ,ДАВИДОВИЧ,ДАВИДОВИЧ,ДАВИДОВИЧ,0,0.000000,0.000000,1,
passport_0069_seedream.png,69,sex,МУЖ.,М,M,M,0,0.000000,0.000000,1,
passport_0069_seedream.png,69,birth_date,15.02.1983,15.02.1983,15021983,15021983,0,0.000000,0.000000,1,
passport_0069_seedream.png,69,birth_place,Г. СОЧИ,Г СОЧИ,Г. СОЧИ,Г СОЧИ,1,0.142857,0.142857,0,
passport_0069_seedream.png,69,date_of_issue,03.10.2010,03.10.2010,03102010,03102010,0,0.000000,0.000000,1,
passport_0069_seedream.png,69,department_code,271-513,271-513,271513,271513,0,0.000000,0.000000,1,
passport_0069_seedream.png,69,passport_issued_full,МИГРАЦИОННЫЙ ПУНКТ ПО ХАБАРОВСКОМУ КРАЮ В Г. АМУРСК,МИГРАЦИОННЫЙ ЛПУНКТ ПО ХАБАРОВСКОМУ КРАЮ В Г АМУРСК,МИГРАЦИОННЫЙ ПУНКТ ПО ХАБАРОВСКОМУ КРАЮ В Г. АМУРСК,МИГРАЦИОННЫЙ ЛПУНКТ ПО ХАБАРОВСКОМУ КРАЮ В Г АМУРСК,2,0.039216,0.039216,0,
passport_0069_seedream.png,69,series_and_number,79 73 559023,79 73 559023,7973559023,7973559023,0,0.000000,0.000000,1,
passport_0070_seedream.png,70,lastname,МОРОЗОВ,,МОРОЗОВ,,7,1.000000,1.000000,0,
passport_0070_seedream.png,70,firstname,ТАГИР,ТАТИР,ТАГИР,ТАТИР,1,0.200000,0.200000,0,
passport_0070_seedream.png,70,middlename,АБДУЛОВИЧ,АБОДОВНЧ,АБДУЛОВИЧ,АБОДОВНЧ,4,0.444444,0.444444,0,
passport_0070_seedream.png,70,sex,МУЖ.,М,M,M,0,0.000000,0.000000,1,
passport_0070_seedream.png,70,birth_date,20.06.2002,20.06.2002,20062002,20062002,0,0.000000,0.000000,1,
passport_0070_seedream.png,70,birth_place,Г. МОСКВА,МОСКВА,Г. МОСКВА,МОСКВА,3,0.333333,0.333333,0,
passport_0070_seedream.png,70,date_of_issue,07.04.2019,07.04.2019,07042019,07042019,0,0.000000,0.000000,1,
passport_0070_seedream.png,70,department_code,501-985,501-985,501985,501985,0,0.000000,0.000000,1,
passport_0070_seedream.png,70,passport_issued_full,ОТДЕЛ УФМС РОССИИ ПО МОСКОВСКОЙ ОБЛ. В Г. ОРЕХОВО-ЗУЕВО,ОТДЕЛ УФМС РОССИЙ ПО МОСКОВСОЙ ОЕЛ ВТ ОГОВЛЕО,ОТДЕЛ УФМС РОССИИ ПО МОСКОВСКОЙ ОБЛ. В Г. ОРЕХОВО-ЗУЕВО,ОТДЕЛ УФМС РОССИЙ ПО МОСКОВСОЙ ОЕЛ ВТ ОГОВЛЕО,15,0.272727,0.272727,0,
passport_0070_seedream.png,70,series_and_number,96 83 715643,63 75,9683715643,6375,6,0.600000,0.600000,0,
passport_0071_seedream.png,71,lastname,ВАЛИУЛЛИНА,ВАЛИУЛЛИНА,ВАЛИУЛЛИНА,ВАЛИУЛЛИНА,0,0.000000,0.000000,1,
passport_0071_seedream.png,71,firstname,ЭВЕЛИНА,ЭВЕЛИНА,ЭВЕЛИНА,ЭВЕЛИНА,0,0.000000,0.000000,1,
passport_0071_seedream.png,71,middlename,ЭДУАРДОВНА,ЭДУАРДОВНА,ЭДУАРДОВНА,ЭДУАРДОВНА,0,0.000000,0.000000,1,
passport_0071_seedream.png,71,sex,ЖЕН.,Ж,F,F,0,0.000000,0.000000,1,
passport_0071_seedream.png,71,birth_date,02.10.1972,02.10.1972,02101972,02101972,0,0.000000,0.000000,1,
passport_0071_seedream.png,71,birth_place,Г. КАЛУГА,Г КАЛУГА,Г. КАЛУГА,Г КАЛУГА,1,0.111111,0.111111,0,
passport_0071_seedream.png,71,date_of_issue,21.12.2020,21.12.2020,21122020,21122020,0,0.000000,0.000000,1,
passport_0071_seedream.png,71,department_code,233-532,233-532,233532,233532,0,0.000000,0.000000,1,
passport_0071_seedream.png,71,passport_issued_full,ОУФМС РОССИИ ПО КРАСНОДАРСКОМУ КРАЮ В ЗАПАДНОМ Р-НЕ,ОУФМС РОССИИ ПО КРАСНОДАРСКОМУ КРАО В ЗАПАДНОМ Р-НЕ,ОУФМС РОССИИ ПО КРАСНОДАРСКОМУ КРАЮ В ЗАПАДНОМ Р-НЕ,ОУФМС РОССИИ ПО КРАСНОДАРСКОМУ КРАО В ЗАПАДНОМ Р-НЕ,1,0.019608,0.019608,0,
passport_0071_seedream.png,71,series_and_number,93 66 391668,93 66 391668,9366391668,9366391668,0,0.000000,0.000000,1,
passport_0072_seedream.png,72,lastname,МЕШВЕЛИАНИ,МЕШВЕЛИАНИ,МЕШВЕЛИАНИ,МЕШВЕЛИАНИ,0,0.000000,0.000000,1,
passport_0072_seedream.png,72,firstname,КУЗЬМА,КУЗЬМА,КУЗЬМА,КУЗЬМА,0,0.000000,0.000000,1,
passport_0072_seedream.png,72,middlename,ГРИГОРЬЕВИЧ,ГРИГОРЬЕВИЧ,ГРИГОРЬЕВИЧ,ГРИГОРЬЕВИЧ,0,0.000000,0.000000,1,
passport_0072_seedream.png,72,sex,МУЖ.,М,M,M,0,0.000000,0.000000,1,
passport_0072_seedream.png,72,birth_date,12.08.1960,12.08.1960,12081960,12081960,0,0.000000,0.000000,1,
passport_0072_seedream.png,72,birth_place,Г. КРАСНОЯРСК,Г КРАСНОЯРСК,Г. КРАСНОЯРСК,Г КРАСНОЯРСК,1,0.076923,0.076923,0,
passport_0072_seedream.png,72,date_of_issue,28.03.2011,,28032011,,8,1.000000,1.000000,0,
passport_0072_seedream.png,72,department_code,642-108,,642108,,6,1.000000,1.000000,0,
passport_0072_seedream.png,72,passport_issued_full,МЕЖРАЙОННЫЙ ОТДЕЛ УФМС ПО САРАТОВСКОЙ ОБЛ. В ОКТЯБРЬСКОМ Р-НЕ,,МЕЖРАЙОННЫЙ ОТДЕЛ УФМС ПО САРАТОВСКОЙ ОБЛ. В ОКТЯБРЬСКОМ Р-НЕ,,61,1.000000,1.000000,0,
passport_0072_seedream.png,72,series_and_number,30 52 531641,30 52 531641,3052531641,3052531641,0,0.000000,0.000000,1,
passport_0073_seedream.png,73,lastname,МЕЩЕРЯКОВА,МЕЦЕРЯКОВА,МЕЩЕРЯКОВА,МЕЦЕРЯКОВА,1,0.100000,0.100000,0,
passport_0073_seedream.png,73,firstname,ФАИНА,ФАИНА,ФАИНА,ФАИНА,0,0.000000,0.000000,1,
passport_0073_seedream.png,73,middlename,ТИХОНОВНА,ТИХОНОВНА,ТИХОНОВНА,ТИХОНОВНА,0,0.000000,0.000000,1,
passport_0073_seedream.png,73,sex,ЖЕН.,Ж,F,F,0,0.000000,0.000000,1,
passport_0073_seedream.png,73,birth_date,02.09.1980,02.09.1980,02091980,02091980,0,0.000000,0.000000,1,
passport_0073_seedream.png,73,birth_place,Г. НОВОСИБИРСК,Г НОВОСИБИРСК,Г. НОВОСИБИРСК,Г НОВОСИБИРСК,1,0.071429,0.071429,0,
passport_0073_seedream.png,73,date_of_issue,23.01.2015,23.01.2015,23012015,23012015,0,0.000000,0.000000,1,
passport_0073_seedream.png,73,department_code,341-332,341-332,341332,341332,0,0.000000,0.000000,1,
passport_0073_seedream.png,73,passport_issued_full,ОВМ МВД РОССИИ ПО ВОЛГОГРАДСКОЙ ОБЛАСТИ В Г. КАМЫШИН,ОВМ МВД РОССИИ ДПО ВОЛГОГРАДСКОЙ ОБЛАСТИ В Г КАМЫШИН,ОВМ МВД РОССИИ ПО ВОЛГОГРАДСКОЙ ОБЛАСТИ В Г. КАМЫШИН,ОВМ МВД РОССИИ ДПО ВОЛГОГРАДСКОЙ ОБЛАСТИ В Г КАМЫШИН,2,0.038462,0.038462,0,
passport_0073_seedream.png,73,series_and_number,24 61 639593,24 61 635593,2461639593,2461635593,1,0.100000,0.100000,0,
passport_0074_seedream.png,74,lastname,ИВАНОВА,ИВАНОВА,ИВАНОВА,ИВАНОВА,0,0.000000,0.000000,1,
passport_0074_seedream.png,74,firstname,ФАИНА,ФАИНА,ФАИНА,ФАИНА,0,0.000000,0.000000,1,
passport_0074_seedream.png,74,middlename,ГРИГОРЬЕВНА,ГРИГОРЬЕВНА,ГРИГОРЬЕВНА,ГРИГОРЬЕВНА,0,0.000000,0.000000,1,
passport_0074_seedream.png,74,sex,ЖЕН.,Ж,F,F,0,0.000000,0.000000,1,
passport_0074_seedream.png,74,birth_date,14.08.1989,14.08.1989,14081989,14081989,0,0.000000,0.000000,1,
passport_0074_seedream.png,74,birth_place,Г. САМАРА,Г САМАРА,Г. САМАРА,Г САМАРА,1,0.111111,0.111111,0,
passport_0074_seedream.png,74,date_of_issue,15.01.2006,15.01.2006,15012006,15012006,0,0.000000,0.000000,1,
passport_0074_seedream.png,74,department_code,722-775,722-775,722775,722775,0,0.000000,0.000000,1,
passport_0074_seedream.png,74,passport_issued_full,ОТДЕЛ ПО ВОПРОСАМ МИГРАЦИИ ПО ТЮМЕНСКОЙ ОБЛ. В ЛЕНИНСКОМ АДМ. ОКРУГЕ,СД ТО КОНРОСАМ МИГРАЦИИ ПО ТОМЕНСКОЙ ОБЛ КО,ОТДЕЛ ПО ВОПРОСАМ МИГРАЦИИ ПО ТЮМЕНСКОЙ ОБЛ. В ЛЕНИНСКОМ АДМ. ОКРУГЕ,СД ТО КОНРОСАМ МИГРАЦИИ ПО ТОМЕНСКОЙ ОБЛ КО,30,0.441176,0.441176,0,
passport_0074_seedream.png,74,series_and_number,73 90 563513,73 90 563513,7390563513,7390563513,0,0.000000,0.000000,1,
passport_0076_seedream.png,76,lastname,УСПЕНСКИЙ,УСПЕНСКИЙ,УСПЕНСКИЙ,УСПЕНСКИЙ,0,0.000000,0.000000,1,
passport_0076_seedream.png,76,firstname,МАКСИМ,МАКСИМ,МАКСИМ,МАКСИМ,0,0.000000,0.000000,1,
passport_0076_seedream.png,76,middlename,ТИМОФЕЕВИЧ,ТИМОФЕЕВИЧ,ТИМОФЕЕВИЧ,ТИМОФЕЕВИЧ,0,0.000000,0.000000,1,
passport_0076_seedream.png,76,sex,МУЖ.,М,M,M,0,0.000000,0.000000,1,
passport_0076_seedream.png,76,birth_date,04.08.1962,04.08.1962,04081962,04081962,0,0.000000,0.000000,1,
passport_0076_seedream.png,76,birth_place,ПОС. СЕРГИЕВ ПОСАД МОСКОВСКОЙ ОБЛ.,ПОС. СЕРГИЕВ ПОСАД МОСКОВСН,ПОС. СЕРГИЕВ ПОСАД МОСКОВСКОЙ ОБЛ.,ПОС. СЕРГИЕВ ПОСАД МОСКОВСН,8,0.235294,0.235294,0,
passport_0076_seedream.png,76,date_of_issue,24.05.1990,24.05.1990,24051990,24051990,0,0.000000,0.000000,1,
passport_0076_seedream.png,76,department_code,242-426,242-426,242426,242426,0,0.000000,0.000000,1,
passport_0076_seedream.png,76,passport_issued_full,ОУФМС РОССИИ ПО КРАСНОЯРСКОМУ КРАЮ И ТАЙМЫРУ В Г. НОРИЛЬСК,ОУФМС РОССИИ ПО КРАСНОЯРСКОМУ КРАЮ И ТАЙИЫРУ В Г НОРИЛЬСК,ОУФМС РОССИИ ПО КРАСНОЯРСКОМУ КРАЮ И ТАЙМЫРУ В Г. НОРИЛЬСК,ОУФМС РОССИИ ПО КРАСНОЯРСКОМУ КРАЮ И ТАЙИЫРУ В Г НОРИЛЬСК,2,0.034483,0.034483,0,
passport_0076_seedream.png,76,series_and_number,71 70 355570,71 70 355570,7170355570,7170355570,0,0.000000,0.000000,1,
passport_0077_seedream.png,77,lastname,ДАНИЛОВ,ДАНИЛОВ,ДАНИЛОВ,ДАНИЛОВ,0,0.000000,0.000000,1,
passport_0077_seedream.png,77,firstname,ГЕРМАН,ГЕРМАН,ГЕРМАН,ГЕРМАН,0,0.000000,0.000000,1,
passport_0077_seedream.png,77,middlename,НИКИТИЧ,НИКИТИЧ,НИКИТИЧ,НИКИТИЧ,0,0.000000,0.000000,1,
passport_0077_seedream.png,77,sex,МУЖ.,М,M,M,0,0.000000,0.000000,1,
passport_0077_seedream.png,77,birth_date,24.09.1993,24.09.1993,24091993,24091993,0,0.000000,0.000000,1,
passport_0077_seedream.png,77,birth_place,Г. ТОМСК,Г ТОМСК,Г. ТОМСК,Г ТОМСК,1,0.125000,0.125000,0,
passport_0077_seedream.png,77,date_of_issue,13.10.2010,13.10.2010,13102010,13102010,0,0.000000,0.000000,1,
passport_0077_seedream.png,77,department_code,782-792,782-792,782792,782792,0,0.000000,0.000000,1,
passport_0077_seedream.png,77,passport_issued_full,ТП УФМС РОССИИ ПО Г. САНКТ-ПЕТЕРБУРГУ И ЛЕН. ОБЛ. ПО РАЙОНУ НЕВСКИЙ,ТП УФМС РОССИИ ТПО ТГ САНКТ-ПЕТЕРБУРГУ И ЛЕН ОБЛ ПО РАЙОНУ НЕВСКИЙ,ТП УФМС РОССИИ ПО Г. САНКТ-ПЕТЕРБУРГУ И ЛЕН. ОБЛ. ПО РАЙОНУ НЕВСКИЙ,ТП УФМС РОССИИ ТПО ТГ САНКТ-ПЕТЕРБУРГУ И ЛЕН ОБЛ ПО РАЙОНУ НЕВСКИЙ,5,0.074627,0.074627,0,
passport_0077_seedream.png,77,series_and_number,63 53 925981,63 53 925981,6353925981,6353925981,0,0.000000,0.000000,1,
passport_0078_seedream.png,78,lastname,УМЕРОВ,УМЕРОВ,УМЕРОВ,УМЕРОВ,0,0.000000,0.000000,1,
passport_0078_seedream.png,78,firstname,АЛЕКСАНДР,АЛЕКСАНДР,АЛЕКСАНДР,АЛЕКСАНДР,0,0.000000,0.000000,1,
passport_0078_seedream.png,78,middlename,ДАВИДОВИЧ,ДАВИДОВИЧ,ДАВИДОВИЧ,ДАВИДОВИЧ,0,0.000000,0.000000,1,
passport_0078_seedream.png,78,sex,МУЖ.,М,M,M,0,0.000000,0.000000,1,
passport_0078_seedream.png,78,birth_date,27.05.2001,27.05.2001,27052001,27052001,0,0.000000,0.000000,1,
passport_0078_seedream.png,78,birth_place,Г. ЯРОСЛАВЛЬ,Г ЯРОСЛАВЛЬ,Г. ЯРОСЛАВЛЬ,Г ЯРОСЛАВЛЬ,1,0.083333,0.083333,0,
passport_0078_seedream.png,78,date_of_issue,22.12.2021,12.12.2021,22122021,12122021,1,0.125000,0.125000,0,
passport_0078_seedream.png,78,department_code,420-458,420-45,420458,42045,1,0.166667,0.166667,0,
passport_0078_seedream.png,78,passport_issued_full,ОВМ МВД РОССИИ ПО КЕМЕРОВСКОЙ ОБЛ. В Г. ПРОКОПЬЕВСК,ОВМ МВД РОССИИ ПО КЕМЕРОВСКОЙ ОБЛ. В Г ЛРОКОЛЫЕСК,ОВМ МВД РОССИИ ПО КЕМЕРОВСКОЙ ОБЛ. В Г. ПРОКОПЬЕВСК,ОВМ МВД РОССИИ ПО КЕМЕРОВСКОЙ ОБЛ. В Г ЛРОКОЛЫЕСК,5,0.098039,0.098039,0,
passport_0078_seedream.png,78,series_and_number,78 71 461888,11 19 1999,7871461888,11191999,8,0.800000,0.800000,0,
passport_0079_seedream.jpeg,79,lastname,ВАЛИУЛЛИН,С.АКИИМЧ,ВАЛИУЛЛИН,С.АКИИМЧ,8,0.888889,0.888889,0,
passport_0079_seedream.jpeg,79,firstname,ФОМ,АОМ,ФОМ,АОМ,1,0.333333,0.333333,0,
passport_0079_seedream.jpeg,79,middlename,ГРАНТОВИЧ,-ЬКМТОБМИЧ,ГРАНТОВИЧ,-ЬКМТОБМИЧ,6,0.666667,0.666667,0,
passport_0079_seedream.jpeg,79,sex,МУЖ.,Ж,M,F,1,1.000000,1.000000,0,
passport_0079_seedream.jpeg,79,birth_date,28.06.1984,,28061984,,8,1.000000,1.000000,0,
passport_0079_seedream.jpeg,79,birth_place,Г. СОЧИ,,Г. СОЧИ,,7,1.000000,1.000000,0,
passport_0079_seedream.jpeg,79,date_of_issue,10.12.2006,,10122006,,8,1.000000,1.000000,0,
passport_0079_seedream.jpeg,79,department_code,614-393,,614393,,6,1.000000,1.000000,0,
passport_0079_seedream.jpeg,79,passport_issued_full,МИГРАЦИОННЫЙ ПУНКТ ПО РОСТОВСКОЙ ОБЛ. В Г. ШАХТЫ,,МИГРАЦИОННЫЙ ПУНКТ ПО РОСТОВСКОЙ ОБЛ. В Г. ШАХТЫ,,48,1.000000,1.000000,0,
passport_0079_seedream.jpeg,79,series_and_number,39 62 145767,49,3962145767,49,9,0.900000,0.900000,0,
passport_0080_seedream.png,80,lastname,ПОДОЛЯНЧУК,ПОДОЛЯНЧУК,ПОДОЛЯНЧУК,ПОДОЛЯНЧУК,0,0.000000,0.000000,1,
passport_0080_seedream.png,80,firstname,ВОВА,ВОВА,ВОВА,ВОВА,0,0.000000,0.000000,1,
passport_0080_seedream.png,80,middlename,ГРАНТОВИЧ,ГРАНТОВИЧ,ГРАНТОВИЧ,ГРАНТОВИЧ,0,0.000000,0.000000,1,
passport_0080_seedream.png,80,sex,МУЖ.,М,M,M,0,0.000000,0.000000,1,
passport_0080_seedream.png,80,birth_date,26.11.1979,26.11.1979,26111979,26111979,0,0.000000,0.000000,1,
passport_0080_seedream.png,80,birth_place,Г. КАЗАНЬ,Г КАЗАНЬ,Г. КАЗАНЬ,Г КАЗАНЬ,1,0.111111,0.111111,0,
passport_0080_seedream.png,80,date_of_issue,20.02.2023,20.02.2023,20022023,20022023,0,0.000000,0.000000,1,
passport_0080_seedream.png,80,department_code,180-130,180-130,180130,180130,0,0.000000,0.000000,1,
passport_0080_seedream.png,80,passport_issued_full,МЕЖРАЙОННЫЙ ОТДЕЛ УФМС ПО УДМУРТСКОЙ РЕСП. В ЛЕНИНСКОМ Р-НЕ,МЕКРАЙОННЫЙ ОТДЕЛ УФМС ЛПО УДМУРТСКОЙ РЕСП В ЛЕНИНСКОМ РНЕ,МЕЖРАЙОННЫЙ ОТДЕЛ УФМС ПО УДМУРТСКОЙ РЕСП. В ЛЕНИНСКОМ Р-НЕ,МЕКРАЙОННЫЙ ОТДЕЛ УФМС ЛПО УДМУРТСКОЙ РЕСП В ЛЕНИНСКОМ РНЕ,4,0.067797,0.067797,0,
passport_0080_seedream.png,80,series_and_number,74 85 448121,74 85 448121,7485448121,7485448121,0,0.000000,0.000000,1,
passport_0081_seedream.png,81,lastname,МИЛЛЕР,МИЛЛЕР,МИЛЛЕР,МИЛЛЕР,0,0.000000,0.000000,1,
passport_0081_seedream.png,81,firstname,АРИНА,АРИНА,АРИНА,АРИНА,0,0.000000,0.000000,1,
passport_0081_seedream.png,81,middlename,ЮРЬЕВНА,ОРЬЕВНА,ЮРЬЕВНА,ОРЬЕВНА,1,0.142857,0.142857,0,
passport_0081_seedream.png,81,sex,ЖЕН.,Ж,F,F,0,0.000000,0.000000,1,
passport_0081_seedream.png,81,birth_date,15.09.1961,15.09.1961,15091961,15091961,0,0.000000,0.000000,1,
passport_0081_seedream.png,81,birth_place,Г. ТВЕРЬ,Г ТВЕРЬ,Г. ТВЕРЬ,Г ТВЕРЬ,1,0.125000,0.125000,0,
passport_0081_seedream.png,81,date_of_issue,26.01.1977,26.01.1977,26011977,26011977,0,0.000000,0.000000,1,
passport_0081_seedream.png,81,department_code,163-892,163-892,163892,163892,0,0.000000,0.000000,1,
passport_0081_seedream.png,81,passport_issued_full,ОТДЕЛ УФМС РОССИИ ПО РЕСП. ТАТАРСТАН В Г. ЗЕЛЕНОДОЛЬСК,ОТДЕЛ УФМС РОССИИ ПО РЕСП ТАТАРСТАН В Г ЗЕЛЕНОДОЛЬСК,ОТДЕЛ УФМС РОССИИ ПО РЕСП. ТАТАРСТАН В Г. ЗЕЛЕНОДОЛЬСК,ОТДЕЛ УФМС РОССИИ ПО РЕСП ТАТАРСТАН В Г ЗЕЛЕНОДОЛЬСК,2,0.037037,0.037037,0,
passport_0081_seedream.png,81,series_and_number,93 29 178463,19 32 917846,9329178463,1932917846,2,0.200000,0.200000,0,
passport_0082_seedream.png,82,lastname,КОРНИЛОВ,КОРНИЛОВ,КОРНИЛОВ,КОРНИЛОВ,0,0.000000,0.000000,1,
passport_0082_seedream.png,82,firstname,ТИМОФЕЙ,ТИМОФЕЙ,ТИМОФЕЙ,ТИМОФЕЙ,0,0.000000,0.000000,1,
passport_0082_seedream.png,82,middlename,ГАРРИЕВИЧ,ГАРРИЕВИЧ,ГАРРИЕВИЧ,ГАРРИЕВИЧ,0,0.000000,0.000000,1,
passport_0082_seedream.png,82,sex,МУЖ.,М,M,M,0,0.000000,0.000000,1,
passport_0082_seedream.png,82,birth_date,28.02.1996,28.02.1996,28021996,28021996,0,0.000000,0.000000,1,
passport_0082_seedream.png,82,birth_place,Г. ТОМСК,Г ТОМСК,Г. ТОМСК,Г ТОМСК,1,0.125000,0.125000,0,
passport_0082_seedream.png,82,date_of_issue,08.07.2017,08.07.2017,08072017,08072017,0,0.000000,0.000000,1,
passport_0082_seedream.png,82,department_code,251-642,251-642,251642,251642,0,0.000000,0.000000,1,
passport_0082_seedream.png,82,passport_issued_full,ОТДЕЛ УФМС РОССИИ ПО ПРИМОРСКОМУ КРАЮ В ФРУНЗЕНСКОМ Р-НЕ,ОТДЕЛ УФМС РОССИИ ПО ПРИМОРСКОМУ КРАЮ В ФРУНЗЕНСКОМ Р-НЕ,ОТДЕЛ УФМС РОССИИ ПО ПРИМОРСКОМУ КРАЮ В ФРУНЗЕНСКОМ Р-НЕ,ОТДЕЛ УФМС РОССИИ ПО ПРИМОРСКОМУ КРАЮ В ФРУНЗЕНСКОМ Р-НЕ,0,0.000000,0.000000,1,
passport_0082_seedream.png,82,series_and_number,72 79 137642,72 79 137642,7279137642,7279137642,0,0.000000,0.000000,1,
passport_0083_seedream.png,83,lastname,ДРОЗДОВА,ДРОЗДОВА,ДРОЗДОВА,ДРОЗДОВА,0,0.000000,0.000000,1,
passport_0083_seedream.png,83,firstname,РОЗА,РОЗА,РОЗА,РОЗА,0,0.000000,0.000000,1,
passport_0083_seedream.png,83,middlename,РУСТАМОВНА,РУСТАМОВНА,РУСТАМОВНА,РУСТАМОВНА,0,0.000000,0.000000,1,
passport_0083_seedream.png,83,sex,ЖЕН.,Ж,F,F,0,0.000000,0.000000,1,
passport_0083_seedream.png,83,birth_date,24.04.1973,24.04.1973,24041973,24041973,0,0.000000,0.000000,1,
passport_0083_seedream.png,83,birth_place,Г. ВОЛГОГРАД,Г ВОЛГОГРАД,Г. ВОЛГОГРАД,Г ВОЛГОГРАД,1,0.083333,0.083333,0,
passport_0083_seedream.png,83,date_of_issue,10.05.1991,10.05.1991,10051991,10051991,0,0.000000,0.000000,1,
passport_0083_seedream.png,83,department_code,505-721,505-721,505721,505721,0,0.000000,0.000000,1,
passport_0083_seedream.png,83,passport_issued_full,ТП УФМС РОССИИ ПО МОСКОВСКОЙ ОБЛАСТИ В Г. ПУШКИНО,ТП УФМС РОССИИ ПО МОСКОВСКОЙ ОБЛАСТИ В Г ПУШКИНО,ТП УФМС РОССИИ ПО МОСКОВСКОЙ ОБЛАСТИ В Г. ПУШКИНО,ТП УФМС РОССИИ ПО МОСКОВСКОЙ ОБЛАСТИ В Г ПУШКИНО,1,0.020408,0.020408,0,
passport_0083_seedream.png,83,series_and_number,22 66 274446,22 66 274446,2266274446,2266274446,0,0.000000,0.000000,1,
passport_0084_seedream.jpeg,84,lastname,ГРИНБЕРГ,ГРИНБЕРГ,ГРИНБЕРГ,ГРИНБЕРГ,0,0.000000,0.000000,1,
passport_0084_seedream.jpeg,84,firstname,ТАТЬЯНА,ТАТЬЯНА,ТАТЬЯНА,ТАТЬЯНА,0,0.000000,0.000000,1,
passport_0084_seedream.jpeg,84,middlename,ДМИТРИЕВНА,ДМИТРИЕВНА,ДМИТРИЕВНА,ДМИТРИЕВНА,0,0.000000,0.000000,1,
passport_0084_seedream.jpeg,84,sex,ЖЕН.,Ж,F,F,0,0.000000,0.000000,1,
passport_0084_seedream.jpeg,84,birth_date,10.01.1975,10.01.1975,10011975,10011975,0,0.000000,0.000000,1,
passport_0084_seedream.jpeg,84,birth_place,Г. ВОРОНЕЖ,Г ВОРОНЕЖ,Г. ВОРОНЕЖ,Г ВОРОНЕЖ,1,0.100000,0.100000,0,
passport_0084_seedream.jpeg,84,date_of_issue,04.02.2005,04.02.2005,04022005,04022005,0,0.000000,0.000000,1,
passport_0084_seedream.jpeg,84,department_code,260-251,260-251,260251,260251,0,0.000000,0.000000,1,
passport_0084_seedream.jpeg,84,passport_issued_full,ОТДЕЛ УФМС РОССИИ ПО СТАВРОПОЛЬСКОМУ КРАЮ И КЧР В Г. НЕВИННОМЫССК,ОТДЕЛ УФМС РОССИИ ПО СТАВРОПОЛЬСКОМУ КРАЮ И КЧР В Г НЕВИННОМНССК,ОТДЕЛ УФМС РОССИИ ПО СТАВРОПОЛЬСКОМУ КРАЮ И КЧР В Г. НЕВИННОМЫССК,ОТДЕЛ УФМС РОССИИ ПО СТАВРОПОЛЬСКОМУ КРАЮ И КЧР В Г НЕВИННОМНССК,2,0.030769,0.030769,0,
passport_0084_seedream.jpeg,84,series_and_number,77 62 693418,77 62 693418,7762693418,7762693418,0,0.000000,0.000000,1,
passport_0086_seedream.png,86,lastname,КАШИРИН,КАШИРИН,КАШИРИН,КАШИРИН,0,0.000000,0.000000,1,
passport_0086_seedream.png,86,firstname,МИРОН,МИРОН,МИРОН,МИРОН,0,0.000000,0.000000,1,
passport_0086_seedream.png,86,middlename,АРКАДЬЕВИЧ,АРКАДЬЕВИЧ,АРКАДЬЕВИЧ,АРКАДЬЕВИЧ,0,0.000000,0.000000,1,
passport_0086_seedream.png,86,sex,МУЖ.,М,M,M,0,0.000000,0.000000,1,
passport_0086_seedream.png,86,birth_date,26.01.1997,26.01.1997,26011997,26011997,0,0.000000,0.000000,1,
passport_0086_seedream.png,86,birth_place,Г. УФА,Г УЗА,Г. УФА,Г УЗА,2,0.333333,0.333333,0,
passport_0086_seedream.png,86,date_of_issue,30.06.2021,30.06.2021,30062021,30062021,0,0.000000,0.000000,1,
passport_0086_seedream.png,86,department_code,160-453,160-453,160453,160453,0,0.000000,0.000000,1,
passport_0086_seedream.png,86,passport_issued_full,ОТДЕЛ ПО ВОПРОСАМ МИГРАЦИИ ПО РЕСП. ТАТАРСТАН В МОСКОВСКОМ Р-НЕ Г. КАЗАНИ,ОТДЕЛ ПО ВОПРОСАМ МИГРАЦИИ ПО РЕСП ТАТАРСТАН В МОСКОВСКОМ Р-НЕ Г. КАЗАНИ,ОТДЕЛ ПО ВОПРОСАМ МИГРАЦИИ ПО РЕСП. ТАТАРСТАН В МОСКОВСКОМ Р-НЕ Г. КАЗАНИ,ОТДЕЛ ПО ВОПРОСАМ МИГРАЦИИ ПО РЕСП ТАТАРСТАН В МОСКОВСКОМ Р-НЕ Г. КАЗАНИ,1,0.013699,0.013699,0,
passport_0086_seedream.png,86,series_and_number,54 85 413685,54 85 413685,5485413685,5485413685,0,0.000000,0.000000,1,
passport_0087_seedream.png,87,lastname,ШИШКИНА,ШИШКИНА,ШИШКИНА,ШИШКИНА,0,0.000000,0.000000,1,
passport_0087_seedream.png,87,firstname,ЛЮДА,ЛОДА,ЛЮДА,ЛОДА,1,0.250000,0.250000,0,
passport_0087_seedream.png,87,middlename,ДАНИИЛОВНА,ДАНИИЛОВНА,ДАНИИЛОВНА,ДАНИИЛОВНА,0,0.000000,0.000000,1,
passport_0087_seedream.png,87,sex,ЖЕН.,Ж,F,F,0,0.000000,0.000000,1,
passport_0087_seedream.png,87,birth_date,07.05.1984,07.05.1984,07051984,07051984,0,0.000000,0.000000,1,
passport_0087_seedream.png,87,birth_place,Г. ТОМСК,Г ТОМСК,Г. ТОМСК,Г ТОМСК,1,0.125000,0.125000,0,
passport_0087_seedream.png,87,date_of_issue,05.08.2015,05.08.2015,05082015,05082015,0,0.000000,0.000000,1,
passport_0087_seedream.png,87,department_code,420-243,420-243,420243,420243,0,0.000000,0.000000,1,
passport_0087_seedream.png,87,passport_issued_full,ОУФМС РОССИИ ПО КЕМЕРОВСКОЙ ОБЛАСТИ - КУЗБАСС В КИРОВСКОМ Р-НЕ,ОУФМС РОССИИ ПО КЕМЕРОВСКОЙ ОБЛАСТИ - КУЗБАСС В КИРОВСКОМ Р-НЕ,ОУФМС РОССИИ ПО КЕМЕРОВСКОЙ ОБЛАСТИ - КУЗБАСС В КИРОВСКОМ Р-НЕ,ОУФМС РОССИИ ПО КЕМЕРОВСКОЙ ОБЛАСТИ - КУЗБАСС В КИРОВСКОМ Р-НЕ,0,0.000000,0.000000,1,
passport_0087_seedream.png,87,series_and_number,58 83 476395,58 83 476395,5883476395,5883476395,0,0.000000,0.000000,1,
passport_0088_seedream.png,88,lastname,ГАСПАРЯН,ГАСПАРЯН,ГАСПАРЯН,ГАСПАРЯН,0,0.000000,0.000000,1,
passport_0088_seedream.png,88,firstname,ГЛЕБ,ГЛЕБ,ГЛЕБ,ГЛЕБ,0,0.000000,0.000000,1,
passport_0088_seedream.png,88,middlename,ДМИТРИЕВИЧ,ДМИТРИЕВИЧ,ДМИТРИЕВИЧ,ДМИТРИЕВИЧ,0,0.000000,0.000000,1,
passport_0088_seedream.png,88,sex,МУЖ.,М,M,M,0,0.000000,0.000000,1,
passport_0088_seedream.png,88,birth_date,09.07.1997,09.07.1997,09071997,09071997,0,0.000000,0.000000,1,
passport_0088_seedream.png,88,birth_place,Г. ЯРОСЛАВЛЬ,Г ЯРОСЛАВЛЬ,Г. ЯРОСЛАВЛЬ,Г ЯРОСЛАВЛЬ,1,0.083333,0.083333,0,
passport_0088_seedream.png,88,date_of_issue,10.09.2011,10.09.2011,10092011,10092011,0,0.000000,0.000000,1,
passport_0088_seedream.png,88,department_code,777-853,777-853,777853,777853,0,0.000000,0.000000,1,
passport_0088_seedream.png,88,passport_issued_full,ПВС МВД РОССИИ ПО ГОРОДУ МОСКВЕ ПО РАЙОНУ БАСМАННЫЙ,ПБС МВД РОССИИ ПО ГОРОДУ МОСКВЕ ПО РАЙОНУ БАСМАННЫЙ,ПВС МВД РОССИИ ПО ГОРОДУ МОСКВЕ ПО РАЙОНУ БАСМАННЫЙ,ПБС МВД РОССИИ ПО ГОРОДУ МОСКВЕ ПО РАЙОНУ БАСМАННЫЙ,1,0.019608,0.019608,0,
passport_0088_seedream.png,88,series_and_number,46 39 736553,46 39 736553,4639736553,4639736553,0,0.000000,0.000000,1,
passport_0089_seedream.png,89,lastname,ВОРОЖБИТОВА,ВОРОЖБИТОВА,ВОРОЖБИТОВА,ВОРОЖБИТОВА,0,0.000000,0.000000,1,
passport_0089_seedream.png,89,firstname,СТАНИСЛАВА,СТАНИСЛАВА,СТАНИСЛАВА,СТАНИСЛАВА,0,0.000000,0.000000,1,
passport_0089_seedream.png,89,middlename,АРТЁМОВНА,АРТЕМОВНА,АРТЕМОВНА,АРТЕМОВНА,0,0.000000,0.000000,1,
passport_0089_seedream.png,89,sex,ЖЕН.,Ж,F,F,0,0.000000,0.000000,1,
passport_0089_seedream.png,89,birth_date,22.05.1994,22.05.1994,22051994,22051994,0,0.000000,0.000000,1,
passport_0089_seedream.png,89,birth_place,Г. ТВЕРЬ,Г ТВЕРЬ,Г. ТВЕРЬ,Г ТВЕРЬ,1,0.125000,0.125000,0,
passport_0089_seedream.png,89,date_of_issue,28.04.2025,28.04.2025,28042025,28042025,0,0.000000,0.000000,1,
passport_0089_seedream.png,89,department_code,660-926,660-926,660926,660926,0,0.000000,0.000000,1,
passport_0089_seedream.png,89,passport_issued_full,ОТДЕЛ ПО ВОПРОСАМ МИГРАЦИИ ПО СВЕРДЛОВСКОЙ ОБЛАСТИ В Г. ПЕРВОУРАЛЬСК,ОТДЕЛ ЛПО ВОПРОСАМ МИГРАШИИ ЛО СВЕРДЛОВСКОЙ ОБЛАСТИ В Г ПЕРВОУРАЛЬСК,ОТДЕЛ ПО ВОПРОСАМ МИГРАЦИИ ПО СВЕРДЛОВСКОЙ ОБЛАСТИ В Г. ПЕРВОУРАЛЬСК,ОТДЕЛ ЛПО ВОПРОСАМ МИГРАШИИ ЛО СВЕРДЛОВСКОЙ ОБЛАСТИ В Г ПЕРВОУРАЛЬСК,4,0.058824,0.058824,0,
passport_0089_seedream.png,89,series_and_number,90 92 141337,90 92 141337,9092141337,9092141337,0,0.000000,0.000000,1,
passport_0090_seedream.png,90,lastname,ВОЛОЩУК,ВОЛОШУК,ВОЛОЩУК,ВОЛОШУК,1,0.142857,0.142857,0,
passport_0090_seedream.png,90,firstname,АЛЕКСЕЙ,АЛЕКСЕЙ,АЛЕКСЕЙ,АЛЕКСЕЙ,0,0.000000,0.000000,1,
passport_0090_seedream.png,90,middlename,РУСТАМОВИЧ,РУСТАМОВИЧ,РУСТАМОВИЧ,РУСТАМОВИЧ,0,0.000000,0.000000,1,
passport_0090_seedream.png,90,sex,МУЖ.,М,M,M,0,0.000000,0.000000,1,
passport_0090_seedream.png,90,birth_date,03.03.2001,03.03.2001,03032001,03032001,0,0.000000,0.000000,1,
passport_0090_seedream.png,90,birth_place,Г. КРАСНОЯРСК,Г КРАСНОЯРСК,Г. КРАСНОЯРСК,Г КРАСНОЯРСК,1,0.076923,0.076923,0,
passport_0090_seedream.png,90,date_of_issue,11.10.2021,11.10.2021,11102021,11102021,0,0.000000,0.000000,1,
passport_0090_seedream.png,90,department_code,021-206,021-206,021206,021206,0,0.000000,0.000000,1,
passport_0090_seedream.png,90,passport_issued_full,МИГРАЦИОННЫЙ ПУНКТ ПО РЕСП. БАШКОРТОСТАН В СОВЕТСКОМ Р-НЕ,МНТРАШОШЫН ЛУНТ ТО РЯЕС ТМАШОРТОСПА В ООНЕТСКОМ Р-НН,МИГРАЦИОННЫЙ ПУНКТ ПО РЕСП. БАШКОРТОСТАН В СОВЕТСКОМ Р-НЕ,МНТРАШОШЫН ЛУНТ ТО РЯЕС ТМАШОРТОСПА В ООНЕТСКОМ Р-НН,21,0.368421,0.368421,0,
passport_0090_seedream.png,90,series_and_number,26 79 483629,26 79 483629,2679483629,2679483629,0,0.000000,0.000000,1,
passport_0091_seedream.png,91,lastname,РОТШИЛЬД,РОТШИЛЬД,РОТШИЛЬД,РОТШИЛЬД,0,0.000000,0.000000,1,
passport_0091_seedream.png,91,firstname,ВАДИМ,ВАДИМ,ВАДИМ,ВАДИМ,0,0.000000,0.000000,1,
passport_0091_seedream.png,91,middlename,КИРИЛЛОВИЧ,КИРИЛЛОВИЧ,КИРИЛЛОВИЧ,КИРИЛЛОВИЧ,0,0.000000,0.000000,1,
passport_0091_seedream.png,91,sex,МУЖ.,М,M,M,0,0.000000,0.000000,1,
passport_0091_seedream.png,91,birth_date,26.08.1971,26.08.1971,26081971,26081971,0,0.000000,0.000000,1,
passport_0091_seedream.png,91,birth_place,Г. ТВЕРЬ,Г ТВЕРЬ,Г. ТВЕРЬ,Г ТВЕРЬ,1,0.125000,0.125000,0,
passport_0091_seedream.png,91,date_of_issue,17.11.1998,17.11.1998,17111998,17111998,0,0.000000,0.000000,1,
passport_0091_seedream.png,91,department_code,740-480,740-480,740480,740480,0,0.000000,0.000000,1,
passport_0091_seedream.png,91,passport_issued_full,ОТДЕЛ ПО ВОПРОСАМ МИГРАЦИИ ПО ЧЕЛЯБИНСКОЙ ОБЛАСТИ В СОВЕТСКОМ Р-НЕ,ОТДЕЛ ПО ВОПРОСАМ МИГРАЦЙ ПО ЧЕЛЯБИНСКОЙ ОБЛАСТИ В СОВЕТСКОМ Р-НЕ,ОТДЕЛ ПО ВОПРОСАМ МИГРАЦИИ ПО ЧЕЛЯБИНСКОЙ ОБЛАСТИ В СОВЕТСКОМ Р-НЕ,ОТДЕЛ ПО ВОПРОСАМ МИГРАЦЙ ПО ЧЕЛЯБИНСКОЙ ОБЛАСТИ В СОВЕТСКОМ Р-НЕ,2,0.030303,0.030303,0,
passport_0091_seedream.png,91,series_and_number,19 28 890785,19 28 690785,1928890785,1928690785,1,0.100000,0.100000,0,
passport_0092_seedream.jpeg,92,lastname,ВАЙНШТЕЙН,ВАЙНШТЕЙН,ВАЙНШТЕЙН,ВАЙНШТЕЙН,0,0.000000,0.000000,1,
passport_0092_seedream.jpeg,92,firstname,ЭВЕЛИНА,ЭВЕЛИНА,ЭВЕЛИНА,ЭВЕЛИНА,0,0.000000,0.000000,1,
passport_0092_seedream.jpeg,92,middlename,ТЕМУРОВНА,ТЕМУРОВНА,ТЕМУРОВНА,ТЕМУРОВНА,0,0.000000,0.000000,1,
passport_0092_seedream.jpeg,92,sex,ЖЕН.,Ж,F,F,0,0.000000,0.000000,1,
passport_0092_seedream.jpeg,92,birth_date,28.07.1998,28.07.1998,28071998,28071998,0,0.000000,0.000000,1,
passport_0092_seedream.jpeg,92,birth_place,Г. ВОРОНЕЖ,Г ВОРОНЕЖ,Г. ВОРОНЕЖ,Г ВОРОНЕЖ,1,0.100000,0.100000,0,
passport_0092_seedream.jpeg,92,date_of_issue,22.01.2025,22.01.2025,22012025,22012025,0,0.000000,0.000000,1,
passport_0092_seedream.jpeg,92,department_code,503-015,503-015,503015,503015,0,0.000000,0.000000,1,
passport_0092_seedream.jpeg,92,passport_issued_full,ОТДЕЛ УФМС РОССИИ ПО МОСКОВСКОЙ ОБЛ. В Г. ХИМКИ,ОТДЕЛ УФМС РОСИИ ПО МОСКОВСКОЙ ОЧЛ В Г ХИМКИ,ОТДЕЛ УФМС РОССИИ ПО МОСКОВСКОЙ ОБЛ. В Г. ХИМКИ,ОТДЕЛ УФМС РОСИИ ПО МОСКОВСКОЙ ОЧЛ В Г ХИМКИ,4,0.085106,0.085106,0,
passport_0092_seedream.jpeg,92,series_and_number,43 78 229592,13 22 9592,4378229592,13229592,3,0.300000,0.300000,0,
passport_0093_seedream.png,93,lastname,ГРИГОРЯН,ГРИГОРЯН,ГРИГОРЯН,ГРИГОРЯН,0,0.000000,0.000000,1,
passport_0093_seedream.png,93,firstname,САША,САША,САША,САША,0,0.000000,0.000000,1,
passport_0093_seedream.png,93,middlename,ВАЛЕРЬЕВИЧ,ВАЛЕРЬЕВИЧ,ВАЛЕРЬЕВИЧ,ВАЛЕРЬЕВИЧ,0,0.000000,0.000000,1,
passport_0093_seedream.png,93,sex,МУЖ.,М,M,M,0,0.000000,0.000000,1,
passport_0093_seedream.png,93,birth_date,27.07.1992,27.07.1992,27071992,27071992,0,0.000000,0.000000,1,
passport_0093_seedream.png,93,birth_place,Г. ВОРОНЕЖ,Г ВОРОНЕЖ,Г. ВОРОНЕЖ,Г ВОРОНЕЖ,1,0.100000,0.100000,0,
passport_0093_seedream.png,93,date_of_issue,17.11.2020,17.11.2020,17112020,17112020,0,0.000000,0.000000,1,
passport_0093_seedream.png,93,department_code,505-240,505-240,505240,505240,0,0.000000,0.000000,1,
passport_0093_seedream.png,93,passport_issued_full,МЕЖРАЙОННЫЙ ОТДЕЛ УФМС ПО МОСКОВСКОЙ ОБЛАСТИ В Г. КОЛОМНА,МЕКРАЙОННЫЙ ОТДЕЛ УФМС ПО МОСКОВСКОЙ ОБЛАСТИ В Г КОЛОМНА,МЕЖРАЙОННЫЙ ОТДЕЛ УФМС ПО МОСКОВСКОЙ ОБЛАСТИ В Г. КОЛОМНА,МЕКРАЙОННЫЙ ОТДЕЛ УФМС ПО МОСКОВСКОЙ ОБЛАСТИ В Г КОЛОМНА,2,0.035088,0.035088,0,
passport_0093_seedream.png,93,series_and_number,70 13 749641,70 13 749641,7013749641,7013749641,0,0.000000,0.000000,1,
passport_0094_seedream.png,94,lastname,ГЕЛАШВИЛИ,ГЕЛАШВИЛИ,ГЕЛАШВИЛИ,ГЕЛАШВИЛИ,0,0.000000,0.000000,1,
passport_0094_seedream.png,94,firstname,АГНИЯ,АГНИЯ,АГНИЯ,АГНИЯ,0,0.000000,0.000000,1,
passport_0094_seedream.png,94,middlename,ПРОХОРОВНА,ПРОХОРОВНА,ПРОХОРОВНА,ПРОХОРОВНА,0,0.000000,0.000000,1,
passport_0094_seedream.png,94,sex,ЖЕН.,Ж,F,F,0,0.000000,0.000000,1,
passport_0094_seedream.png,94,birth_date,21.04.1994,21.04.1994,21041994,21041994,0,0.000000,0.000000,1,
passport_0094_seedream.png,94,birth_place,Г. ХАБАРОВСК,Г ХАБАРОВСК,Г. ХАБАРОВСК,Г ХАБАРОВСК,1,0.083333,0.083333,0,
passport_0094_seedream.png,94,date_of_issue,16.09.2009,16.09.2009,16092009,16092009,0,0.000000,0.000000,1,
passport_0094_seedream.png,94,department_code,761-665,761-665,761665,761665,0,0.000000,0.000000,1,
passport_0094_seedream.png,94,passport_issued_full,ОУФМС РОССИИ ПО ЯРОСЛАВСКОЙ ОБЛАСТИ В Г. ТУТАЕВ,ОУФМС РОССИИ ПО ЯРОСЛАВСКОЙ ОБЛАСТИ В Г ТУТАЕВ,ОУФМС РОССИИ ПО ЯРОСЛАВСКОЙ ОБЛАСТИ В Г. ТУТАЕВ,ОУФМС РОССИИ ПО ЯРОСЛАВСКОЙ ОБЛАСТИ В Г ТУТАЕВ,1,0.021277,0.021277,0,
passport_0094_seedream.png,94,series_and_number,62 24 246566,62 24 246566,6224246566,6224246566,0,0.000000,0.000000,1,
passport_0095_seedream.png,95,lastname,ФЁДОРОВ,ФЕДОРОВ,ФЕДОРОВ,ФЕДОРОВ,0,0.000000,0.000000,1,
passport_0095_seedream.png,95,firstname,ДАВИД,ДАВИД,ДАВИД,ДАВИД,0,0.000000,0.000000,1,
passport_0095_seedream.png,95,middlename,ДЕНИСОВИЧ,ДЕНИСОВИЧ,ДЕНИСОВИЧ,ДЕНИСОВИЧ,0,0.000000,0.000000,1,
passport_0095_seedream.png,95,sex,МУЖ.,М,M,M,0,0.000000,0.000000,1,
passport_0095_seedream.png,95,birth_date,08.02.1962,08.02.1962,08021962,08021962,0,0.000000,0.000000,1,
passport_0095_seedream.png,95,birth_place,Г. КАЗАНЬ,Г КАЗАНЬ,Г. КАЗАНЬ,Г КАЗАНЬ,1,0.111111,0.111111,0,
passport_0095_seedream.png,95,date_of_issue,27.04.2024,27.04.2024,27042024,27042024,0,0.000000,0.000000,1,
passport_0095_seedream.png,95,department_code,251-380,251-380,251380,251380,0,0.000000,0.000000,1,
passport_0095_seedream.png,95,passport_issued_full,ОТДЕЛ ПО ВОПРОСАМ МИГРАЦИИ ПО ПРИМОРСКОМУ КРАЮ И ХАБАРОВСКОМУ КРАЮ В ПЕРВОМАЙСКОМ Р-НЕ,ОТДЕЛ ПО ВОПРОСАМ МИГРАЦИИ ПО ПРИМОРСКОМУ КРАЮ И ХАБАРОВСКОМУ В ПЕРВОМАЙСКОМ Р-НЕ,ОТДЕЛ ПО ВОПРОСАМ МИГРАЦИИ ПО ПРИМОРСКОМУ КРАЮ И ХАБАРОВСКОМУ КРАЮ В ПЕРВОМАЙСКОМ Р-НЕ,ОТДЕЛ ПО ВОПРОСАМ МИГРАЦИИ ПО ПРИМОРСКОМУ КРАЮ И ХАБАРОВСКОМУ В ПЕРВОМАЙСКОМ Р-НЕ,5,0.058140,0.058140,0,
passport_0095_seedream.png,95,series_and_number,95 99 666432,96 99 666432,9599666432,9699666432,1,0.100000,0.100000,0,
passport_0096_seedream.png,96,lastname,ИБРАГИМОВ,ИБРАГИМОВ,ИБРАГИМОВ,ИБРАГИМОВ,0,0.000000,0.000000,1,
passport_0096_seedream.png,96,firstname,КОЛЯ,КОЛЯ,КОЛЯ,КОЛЯ,0,0.000000,0.000000,1,
passport_0096_seedream.png,96,middlename,ЗАХАРОВИЧ,ЗАХАРОВИЧ,ЗАХАРОВИЧ,ЗАХАРОВИЧ,0,0.000000,0.000000,1,
passport_0096_seedream.png,96,sex,МУЖ.,М,M,M,0,0.000000,0.000000,1,
passport_0096_seedream.png,96,birth_date,04.11.1981,04.11.1981,04111981,04111981,0,0.000000,0.000000,1,
passport_0096_seedream.png,96,birth_place,Г. ИРКУТСК,Г ИРКУТСК,Г. ИРКУТСК,Г ИРКУТСК,1,0.100000,0.100000,0,
passport_0096_seedream.png,96,date_of_issue,13.10.2017,13.10.2017,13102017,13102017,0,0.000000,0.000000,1,
passport_0096_seedream.png,96,department_code,022-034,022-034,022034,022034,0,0.000000,0.000000,1,
passport_0096_seedream.png,96,passport_issued_full,ТП УФМС РОССИИ ПО РЕСП. БАШКОРТОСТАН В Г. ОКТЯБРЬСКИЙ,ТП УФМС РОССИИ ПО РЕСП БАШКОРТОСТАН В Г ОКТЯБРЬСКИЙ,ТП УФМС РОССИИ ПО РЕСП. БАШКОРТОСТАН В Г. ОКТЯБРЬСКИЙ,ТП УФМС РОССИИ ПО РЕСП БАШКОРТОСТАН В Г ОКТЯБРЬСКИЙ,2,0.037736,0.037736,0,
passport_0096_seedream.png,96,series_and_number,98 57 327823,98 57 327823,9857327823,9857327823,0,0.000000,0.000000,1,
passport_0098_seedream.png,98,lastname,УМЕРОВА,УМЕРОВА,УМЕРОВА,УМЕРОВА,0,0.000000,0.000000,1,
passport_0098_seedream.png,98,firstname,РАДА,РАДА,РАДА,РАДА,0,0.000000,0.000000,1,
passport_0098_seedream.png,98,middlename,ПАВЛОВНА,ПАВЛОВНА,ПАВЛОВНА,ПАВЛОВНА,0,0.000000,0.000000,1,
passport_0098_seedream.png,98,sex,ЖЕН.,Ж,F,F,0,0.000000,0.000000,1,
passport_0098_seedream.png,98,birth_date,21.04.1997,21.04.1997,21041997,21041997,0,0.000000,0.000000,1,
passport_0098_seedream.png,98,birth_place,Г. ИРКУТСК,Г ИРКУТСК,Г. ИРКУТСК,Г ИРКУТСК,1,0.100000,0.100000,0,
passport_0098_seedream.png,98,date_of_issue,20.08.2025,20.08.2025,20082025,20082025,0,0.000000,0.000000,1,
passport_0098_seedream.png,98,department_code,770-806,770-806,770806,770806,0,0.000000,0.000000,1,
passport_0098_seedream.png,98,passport_issued_full,ТП УФМС РОССИИ ПО Г. МОСКВЕ Г. МОСКВА,ТП УФМС РОССИИ ПО Г МОСКВЕ Г МОСКВА,ТП УФМС РОССИИ ПО Г. МОСКВЕ Г. МОСКВА,ТП УФМС РОССИИ ПО Г МОСКВЕ Г МОСКВА,2,0.054054,0.054054,0,
passport_0098_seedream.png,98,series_and_number,52 41 232040,52 41 232040,5241232040,5241232040,0,0.000000,0.000000,1,
passport_0099_seedream.png,99,lastname,БЕЛОВОДОВА,БЕЛОВОДОВА,БЕЛОВОДОВА,БЕЛОВОДОВА,0,0.000000,0.000000,1,
passport_0099_seedream.png,99,firstname,ЕКАТЕРИНА,ЕКАТЕРИНА,ЕКАТЕРИНА,ЕКАТЕРИНА,0,0.000000,0.000000,1,
passport_0099_seedream.png,99,middlename,АНАТОЛЬЕВНА,АНАТОЛЬЕВНА,АНАТОЛЬЕВНА,АНАТОЛЬЕВНА,0,0.000000,0.000000,1,
passport_0099_seedream.png,99,sex,ЖЕН.,Ж,F,F,0,0.000000,0.000000,1,
passport_0099_seedream.png,99,birth_date,07.09.2003,07.09.2003,07092003,07092003,0,0.000000,0.000000,1,
passport_0099_seedream.png,99,birth_place,Г. САМАРА,Г САМАРА,Г. САМАРА,Г САМАРА,1,0.111111,0.111111,0,
passport_0099_seedream.png,99,date_of_issue,31.03.2024,01.03.2024,31032024,01032024,1,0.125000,0.125000,0,
passport_0099_seedream.png,99,department_code,612-793,012-793,612793,012793,1,0.166667,0.166667,0,
passport_0099_seedream.png,99,passport_issued_full,ОУФМС РОССИИ ПО РОСТОВСКОЙ ОБЛАСТИ В Г. НОВОЧЕРКАССК,ОУРФМС РОССИИ ПО РОСТОВСКОЙ ОБЛАСТИ В Г. НОВОЧЕРКАССК,ОУФМС РОССИИ ПО РОСТОВСКОЙ ОБЛАСТИ В Г. НОВОЧЕРКАССК,ОУРФМС РОССИИ ПО РОСТОВСКОЙ ОБЛАСТИ В Г. НОВОЧЕРКАССК,1,0.019231,0.019231,0,
passport_0099_seedream.png,99,series_and_number,28 86 102973,18 16 102973,2886102973,1816102973,2,0.200000,0.200000,0,
passport_0100_seedream.png,100,lastname,ДАНИЛОВ,ДАНИЛОВ,ДАНИЛОВ,ДАНИЛОВ,0,0.000000,0.000000,1,
passport_0100_seedream.png,100,firstname,ОЛЕГ,ОЛЕГ,ОЛЕГ,ОЛЕГ,0,0.000000,0.000000,1,
passport_0100_seedream.png,100,middlename,ТИХОНОВИЧ,ТИХОНОВИЧ,ТИХОНОВИЧ,ТИХОНОВИЧ,0,0.000000,0.000000,1,
passport_0100_seedream.png,100,sex,МУЖ.,М,M,M,0,0.000000,0.000000,1,
passport_0100_seedream.png,100,birth_date,04.03.1971,04.03.1971,04031971,04031971,0,0.000000,0.000000,1,
passport_0100_seedream.png,100,birth_place,Г. ТОМСК,Г ТОМСК,Г. ТОМСК,Г ТОМСК,1,0.125000,0.125000,0,
passport_0100_seedream.png,100,date_of_issue,24.10.2014,24.10.2014,24102014,24102014,0,0.000000,0.000000,1,
passport_0100_seedream.png,100,department_code,772-016,772-016,772016,772016,0,0.000000,0.000000,1,
passport_0100_seedream.png,100,passport_issued_full,ТП УФМС РОССИИ ПО Г. МОСКВЕ И МО ПО РАЙОНУ СОКОЛЬНИКИ,ТП УФМС РОССИИ ПО Г МОСКВЕ МО ПО РАЙОНУ СОКОЛЫНИКЙ,ТП УФМС РОССИИ ПО Г. МОСКВЕ И МО ПО РАЙОНУ СОКОЛЬНИКИ,ТП УФМС РОССИИ ПО Г МОСКВЕ МО ПО РАЙОНУ СОКОЛЫНИКЙ,5,0.094340,0.094340,0,
passport_0100_seedream.png,100,series_and_number,55 40 717457,55 40 717457,5540717457,5540717457,0,0.000000,0.000000,1,
